,Date,FIPS,MMWR_week,Recip_County,Recip_State,Completeness_pct,Administered_Dose1_Recip,Administered_Dose1_Pop_Pct,Administered_Dose1_Recip_5Plus,Administered_Dose1_Recip_5PlusPop_Pct,Administered_Dose1_Recip_12Plus,Administered_Dose1_Recip_12PlusPop_Pct,Administered_Dose1_Recip_18Plus,Administered_Dose1_Recip_18PlusPop_Pct,Administered_Dose1_Recip_65Plus,Administered_Dose1_Recip_65PlusPop_Pct,Series_Complete_Yes,Series_Complete_Pop_Pct,Series_Complete_5Plus,Series_Complete_5PlusPop_Pct,Series_Complete_5to17,Series_Complete_5to17Pop_Pct,Series_Complete_12Plus,Series_Complete_12PlusPop_Pct,Series_Complete_18Plus,Series_Complete_18PlusPop_Pct,Series_Complete_65Plus,Series_Complete_65PlusPop_Pct,Booster_Doses,Booster_Doses_Vax_Pct,Booster_Doses_12Plus,Booster_Doses_12Plus_Vax_Pct,Booster_Doses_18Plus,Booster_Doses_18Plus_Vax_Pct,Booster_Doses_50Plus,Booster_Doses_50Plus_Vax_Pct,Booster_Doses_65Plus,Booster_Doses_65Plus_Vax_Pct,SVI_CTGY,Series_Complete_Pop_Pct_SVI,Series_Complete_5PlusPop_Pct_SVI,Series_Complete_5to17Pop_Pct_SVI,Series_Complete_12PlusPop_Pct_SVI,Series_Complete_18PlusPop_Pct_SVI,Series_Complete_65PlusPop_Pct_SVI,Metro_status,Series_Complete_Pop_Pct_UR_Equity,Series_Complete_5PlusPop_Pct_UR_Equity,Series_Complete_5to17Pop_Pct_UR_Equity,Series_Complete_12PlusPop_Pct_UR_Equity,Series_Complete_18PlusPop_Pct_UR_Equity,Series_Complete_65PlusPop_Pct_UR_Equity,Booster_Doses_Vax_Pct_SVI,Booster_Doses_12PlusVax_Pct_SVI,Booster_Doses_18PlusVax_Pct_SVI,Booster_Doses_65PlusVax_Pct_SVI,Booster_Doses_Vax_Pct_UR_Equity,Booster_Doses_12PlusVax_Pct_UR_Equity,Booster_Doses_18PlusVax_Pct_UR_Equity,Booster_Doses_65PlusVax_Pct_UR_Equity,Census2019,Census2019_5PlusPop,Census2019_5to17Pop,Census2019_12PlusPop,Census2019_18PlusPop,Census2019_65PlusPop
0,04/08/2022,51540,14,Charlottesville city,VA,79.2,27662.0,58.5,27639.0,61.8,26886.0,64.4,25460.0,64.1,4585.0,79.2,23859.0,50.5,23846.0,53.3,1911.0,38.3,23176.0,55.5,21935.0,55.2,4164.0,71.9,2521.0,10.6,2520.0,10.9,2390.0,10.9,1184.0,13.9,654.0,15.7,B,6.0,6.0,6.0,6.0,6.0,7.0,Metro,2.0,2.0,2.0,2.0,2.0,3.0,5.0,5.0,5.0,5.0,1.0,1.0,1.0,1.0,47266.0,44704.0,4984.0,41773.0,39720.0,5790.0
1,04/07/2022,51540,14,Charlottesville city,VA,79.2,27651.0,58.5,27628.0,61.8,26875.0,64.3,25451.0,64.1,4578.0,79.1,23853.0,50.5,23840.0,53.3,1911.0,38.3,23170.0,55.5,21929.0,55.2,4159.0,71.8,2518.0,10.6,2517.0,10.9,2388.0,10.9,1182.0,13.9,653.0,15.7,B,6.0,6.0,6.0,6.0,6.0,7.0,Metro,2.0,2.0,2.0,2.0,2.0,3.0,5.0,5.0,5.0,5.0,1.0,1.0,1.0,1.0,47266.0,44704.0,4984.0,41773.0,39720.0,5790.0
2,04/06/2022,51540,14,Charlottesville city,VA,79.2,27659.0,58.5,27636.0,61.8,26883.0,64.4,25459.0,64.1,4578.0,79.1,23858.0,50.5,23845.0,53.3,1910.0,38.3,23176.0,55.5,21935.0,55.2,4162.0,71.9,2514.0,10.5,2513.0,10.8,2384.0,10.9,1181.0,13.9,652.0,15.7,B,6.0,6.0,6.0,6.0,6.0,7.0,Metro,2.0,2.0,2.0,2.0,2.0,3.0,5.0,5.0,5.0,5.0,1.0,1.0,1.0,1.0,47266.0,44704.0,4984.0,41773.0,39720.0,5790.0
3,04/05/2022,51540,14,Charlottesville city,VA,79.2,27655.0,58.5,27632.0,61.8,26881.0,64.4,25457.0,64.1,4577.0,79.1,23855.0,50.5,23842.0,53.3,1910.0,38.3,23173.0,55.5,21932.0,55.2,4160.0,71.8,2509.0,10.5,2508.0,10.8,2382.0,10.9,1179.0,13.9,651.0,15.6,B,6.0,6.0,6.0,6.0,6.0,7.0,Metro,2.0,2.0,2.0,2.0,2.0,3.0,5.0,5.0,5.0,5.0,1.0,1.0,1.0,1.0,47266.0,44704.0,4984.0,41773.0,39720.0,5790.0
4,04/04/2022,51540,14,Charlottesville city,VA,79.2,27651.0,58.5,27628.0,61.8,26877.0,64.3,25453.0,64.1,4575.0,79.0,23854.0,50.5,23841.0,53.3,1910.0,38.3,23172.0,55.5,21931.0,55.2,4159.0,71.8,2509.0,10.5,2508.0,10.8,2382.0,10.9,1179.0,13.9,651.0,15.7,B,6.0,6.0,6.0,6.0,6.0,7.0,Metro,2.0,2.0,2.0,2.0,2.0,3.0,5.0,5.0,5.0,5.0,1.0,1.0,1.0,1.0,47266.0,44704.0,4984.0,41773.0,39720.0,5790.0
5,04/03/2022,51540,14,Charlottesville city,VA,79.2,27649.0,58.5,27626.0,61.8,26875.0,64.3,25451.0,64.1,4573.0,79.0,23851.0,50.5,23838.0,53.3,1910.0,38.3,23169.0,55.5,21928.0,55.2,4157.0,71.8,2507.0,10.5,2506.0,10.8,2380.0,10.9,1177.0,13.8,650.0,15.6,B,6.0,6.0,6.0,6.0,6.0,7.0,Metro,2.0,2.0,2.0,2.0,2.0,3.0,5.0,5.0,5.0,5.0,1.0,1.0,1.0,1.0,47266.0,44704.0,4984.0,41773.0,39720.0,5790.0
6,04/02/2022,51540,13,Charlottesville city,VA,79.2,27641.0,58.5,27619.0,61.8,26869.0,64.3,25445.0,64.1,4572.0,79.0,23843.0,50.4,23830.0,53.3,1909.0,38.3,23162.0,55.4,21921.0,55.2,4156.0,71.8,2502.0,10.5,2501.0,10.8,2375.0,10.8,1175.0,13.8,649.0,15.6,B,6.0,6.0,6.0,6.0,6.0,7.0,Metro,2.0,2.0,2.0,2.0,2.0,3.0,5.0,5.0,5.0,5.0,1.0,1.0,1.0,1.0,47266.0,44704.0,4984.0,41773.0,39720.0,5790.0
7,04/01/2022,51540,13,Charlottesville city,VA,79.2,27638.0,58.5,27616.0,61.8,26867.0,64.3,25443.0,64.1,4571.0,78.9,23840.0,50.4,23827.0,53.3,1909.0,38.3,23159.0,55.4,21918.0,55.2,4156.0,71.8,2499.0,10.5,2498.0,10.8,2372.0,10.8,1174.0,13.8,648.0,15.6,B,6.0,6.0,6.0,6.0,6.0,7.0,Metro,2.0,2.0,2.0,2.0,2.0,3.0,5.0,5.0,5.0,5.0,1.0,1.0,1.0,1.0,47266.0,44704.0,4984.0,41773.0,39720.0,5790.0
8,03/31/2022,51540,13,Charlottesville city,VA,79.2,27635.0,58.5,27613.0,61.8,26865.0,64.3,25441.0,64.1,4571.0,78.9,23836.0,50.4,23823.0,53.3,1906.0,38.2,23157.0,55.4,21917.0,55.2,4156.0,71.8,2494.0,10.5,2493.0,10.8,2368.0,10.8,1172.0,13.8,646.0,15.5,B,6.0,6.0,6.0,6.0,6.0,7.0,Metro,2.0,2.0,2.0,2.0,2.0,3.0,5.0,5.0,5.0,5.0,1.0,1.0,1.0,1.0,47266.0,44704.0,4984.0,41773.0,39720.0,5790.0
9,03/30/2022,51540,13,Charlottesville city,VA,79.2,27635.0,58.5,27613.0,61.8,26865.0,64.3,25441.0,64.1,4571.0,78.9,23835.0,50.4,23822.0,53.3,1906.0,38.2,23156.0,55.4,21916.0,55.2,4155.0,71.8,2490.0,10.4,2489.0,10.7,2365.0,10.8,1170.0,13.8,644.0,15.5,B,6.0,6.0,6.0,6.0,6.0,7.0,Metro,2.0,2.0,2.0,2.0,2.0,3.0,5.0,5.0,5.0,5.0,1.0,1.0,1.0,1.0,47266.0,44704.0,4984.0,41773.0,39720.0,5790.0
10,03/29/2022,51540,13,Charlottesville city,VA,79.2,27626.0,58.4,27605.0,61.8,26857.0,64.3,25434.0,64.0,4570.0,78.9,23829.0,50.4,23816.0,53.3,1905.0,38.2,23150.0,55.4,21911.0,55.2,4154.0,71.7,2479.0,10.4,2478.0,10.7,2355.0,10.7,1166.0,13.7,644.0,15.5,B,6.0,6.0,6.0,6.0,6.0,7.0,Metro,2.0,2.0,2.0,2.0,2.0,3.0,5.0,5.0,5.0,5.0,1.0,1.0,1.0,1.0,47266.0,44704.0,4984.0,41773.0,39720.0,5790.0
11,03/28/2022,51540,13,Charlottesville city,VA,79.2,27626.0,58.4,27605.0,61.8,26857.0,64.3,25434.0,64.0,4570.0,78.9,23829.0,50.4,23816.0,53.3,1905.0,38.2,23150.0,55.4,21911.0,55.2,4154.0,71.7,2477.0,10.4,2476.0,10.7,2353.0,10.7,1164.0,13.7,644.0,15.5,B,6.0,6.0,6.0,6.0,6.0,7.0,Metro,2.0,2.0,2.0,2.0,2.0,3.0,5.0,5.0,5.0,5.0,1.0,1.0,1.0,1.0,47266.0,44704.0,4984.0,41773.0,39720.0,5790.0
12,03/27/2022,51540,13,Charlottesville city,VA,79.2,27626.0,58.4,27605.0,61.8,26857.0,64.3,25434.0,64.0,4570.0,78.9,23829.0,50.4,23816.0,53.3,1905.0,38.2,23150.0,55.4,21911.0,55.2,4154.0,71.7,2477.0,10.4,2476.0,10.7,2353.0,10.7,1164.0,13.7,644.0,15.5,B,6.0,6.0,6.0,6.0,6.0,7.0,Metro,2.0,2.0,2.0,2.0,2.0,3.0,5.0,5.0,5.0,5.0,1.0,1.0,1.0,1.0,47266.0,44704.0,4984.0,41773.0,39720.0,5790.0
13,03/26/2022,51540,12,Charlottesville city,VA,79.2,27623.0,58.4,27603.0,61.7,26856.0,64.3,25433.0,64.0,4570.0,78.9,23826.0,50.4,23813.0,53.3,1904.0,38.2,23148.0,55.4,21909.0,55.2,4154.0,71.7,2474.0,10.4,2473.0,10.7,2350.0,10.7,1163.0,13.7,644.0,15.5,B,6.0,6.0,6.0,6.0,6.0,7.0,Metro,2.0,2.0,2.0,2.0,2.0,3.0,5.0,5.0,5.0,5.0,1.0,1.0,1.0,1.0,47266.0,44704.0,4984.0,41773.0,39720.0,5790.0
14,03/25/2022,51540,12,Charlottesville city,VA,79.2,27616.0,58.4,27596.0,61.7,26851.0,64.3,25429.0,64.0,4569.0,78.9,23820.0,50.4,23807.0,53.3,1901.0,38.1,23144.0,55.4,21906.0,55.2,4154.0,71.7,2471.0,10.4,2470.0,10.7,2347.0,10.7,1161.0,13.7,643.0,15.5,B,6.0,6.0,6.0,6.0,6.0,7.0,Metro,2.0,2.0,2.0,2.0,2.0,3.0,5.0,5.0,5.0,5.0,1.0,1.0,1.0,1.0,47266.0,44704.0,4984.0,41773.0,39720.0,5790.0
15,03/24/2022,51540,12,Charlottesville city,VA,79.2,27614.0,58.4,27594.0,61.7,26849.0,64.3,25428.0,64.0,4569.0,78.9,23815.0,50.4,23804.0,53.2,1900.0,38.1,23141.0,55.4,21904.0,55.1,4154.0,71.7,2466.0,10.4,2465.0,10.7,2343.0,10.7,1160.0,13.7,643.0,15.5,B,6.0,6.0,6.0,6.0,6.0,7.0,Metro,2.0,2.0,2.0,2.0,2.0,3.0,5.0,5.0,5.0,5.0,1.0,1.0,1.0,1.0,47266.0,44704.0,4984.0,41773.0,39720.0,5790.0
16,03/23/2022,51540,12,Charlottesville city,VA,79.2,27610.0,58.4,27590.0,61.7,26846.0,64.3,25426.0,64.0,4568.0,78.9,23815.0,50.4,23804.0,53.2,,,23141.0,55.4,21904.0,55.1,4154.0,71.7,2457.0,10.3,2456.0,10.6,2335.0,10.7,1157.0,13.6,641.0,15.4,B,8.0,8.0,,8.0,8.0,8.0,Metro,4.0,4.0,,4.0,4.0,4.0,,,,,,,,,47266.0,44704.0,,41773.0,39720.0,5790.0
17,03/22/2022,51540,12,Charlottesville city,VA,79.3,27605.0,58.4,27586.0,61.7,26843.0,64.3,25423.0,64.0,4568.0,78.9,23814.0,50.4,23803.0,53.2,,,23140.0,55.4,21903.0,55.1,4154.0,71.7,2454.0,10.3,2453.0,10.6,2332.0,10.6,1155.0,13.6,641.0,15.4,B,8.0,8.0,,8.0,8.0,8.0,Metro,4.0,4.0,,4.0,4.0,4.0,,,,,,,,,47266.0,44704.0,,41773.0,39720.0,5790.0
18,03/21/2022,51540,12,Charlottesville city,VA,79.3,27607.0,58.4,27588.0,61.7,26845.0,64.3,25425.0,64.0,4568.0,78.9,23815.0,50.4,23804.0,53.2,,,23141.0,55.4,21904.0,55.1,4154.0,71.7,2454.0,10.3,2453.0,10.6,2332.0,10.6,1155.0,13.6,641.0,15.4,B,8.0,8.0,,8.0,8.0,8.0,Metro,4.0,4.0,,4.0,4.0,4.0,,,,,,,,,47266.0,44704.0,,41773.0,39720.0,5790.0
19,03/20/2022,51540,12,Charlottesville city,VA,79.3,27607.0,58.4,27588.0,61.7,26845.0,64.3,25425.0,64.0,4568.0,78.9,23815.0,50.4,23804.0,53.2,,,23141.0,55.4,21904.0,55.1,4154.0,71.7,2454.0,10.3,2453.0,10.6,2332.0,10.6,1155.0,13.6,641.0,15.4,B,8.0,8.0,,8.0,8.0,8.0,Metro,4.0,4.0,,4.0,4.0,4.0,,,,,,,,,47266.0,44704.0,,41773.0,39720.0,5790.0
20,03/19/2022,51540,11,Charlottesville city,VA,79.3,27604.0,58.4,27585.0,61.7,26842.0,64.3,25422.0,64.0,4568.0,78.9,23814.0,50.4,23803.0,53.2,,,23140.0,55.4,21903.0,55.1,4154.0,71.7,2449.0,10.3,2448.0,10.6,2327.0,10.6,1152.0,13.6,639.0,15.4,B,8.0,8.0,,8.0,8.0,8.0,Metro,4.0,4.0,,4.0,4.0,4.0,,,,,,,,,47266.0,44704.0,,41773.0,39720.0,5790.0
21,03/18/2022,51540,11,Charlottesville city,VA,79.3,27597.0,58.4,27578.0,61.7,26836.0,64.2,25416.0,64.0,4568.0,78.9,23808.0,50.4,23797.0,53.2,,,23134.0,55.4,21897.0,55.1,4154.0,71.7,2443.0,10.3,2442.0,10.6,2321.0,10.6,1149.0,13.5,638.0,15.4,B,8.0,8.0,,8.0,8.0,8.0,Metro,4.0,4.0,,4.0,4.0,4.0,,,,,,,,,47266.0,44704.0,,41773.0,39720.0,5790.0
22,03/17/2022,51540,11,Charlottesville city,VA,79.3,27597.0,58.4,27578.0,61.7,26836.0,64.2,25416.0,64.0,4568.0,78.9,23805.0,50.4,23794.0,53.2,,,23133.0,55.4,21896.0,55.1,4154.0,71.7,2441.0,10.3,2440.0,10.5,2320.0,10.6,1148.0,13.5,637.0,15.3,B,8.0,8.0,,8.0,8.0,8.0,Metro,4.0,4.0,,4.0,4.0,4.0,,,,,,,,,47266.0,44704.0,,41773.0,39720.0,5790.0
23,03/16/2022,51540,11,Charlottesville city,VA,79.3,27595.0,58.4,27576.0,61.7,26835.0,64.2,25415.0,64.0,4568.0,78.9,23800.0,50.4,23789.0,53.2,,,23129.0,55.4,21892.0,55.1,4153.0,71.7,2435.0,10.2,2434.0,10.5,2315.0,10.6,1145.0,13.5,636.0,15.3,B,8.0,8.0,,8.0,8.0,8.0,Metro,4.0,4.0,,4.0,4.0,4.0,,,,,,,,,47266.0,44704.0,,41773.0,39720.0,5790.0
24,03/15/2022,51540,11,Charlottesville city,VA,79.3,27594.0,58.4,27575.0,61.7,26835.0,64.2,25415.0,64.0,4569.0,78.9,23799.0,50.4,23788.0,53.2,,,23128.0,55.4,21891.0,55.1,4152.0,71.7,2433.0,10.2,2432.0,10.5,2314.0,10.6,1144.0,13.5,635.0,15.3,B,8.0,8.0,,8.0,8.0,8.0,Metro,4.0,4.0,,4.0,4.0,4.0,,,,,,,,,47266.0,44704.0,,41773.0,39720.0,5790.0
25,03/14/2022,51540,11,Charlottesville city,VA,79.3,27593.0,58.4,27574.0,61.7,26834.0,64.2,25414.0,64.0,4569.0,78.9,23799.0,50.4,23788.0,53.2,,,23128.0,55.4,21891.0,55.1,4152.0,71.7,2432.0,10.2,2431.0,10.5,2313.0,10.6,1144.0,13.5,635.0,15.3,B,8.0,8.0,,8.0,8.0,8.0,Metro,4.0,4.0,,4.0,4.0,4.0,,,,,,,,,47266.0,44704.0,,41773.0,39720.0,5790.0
26,03/13/2022,51540,11,Charlottesville city,VA,79.3,27591.0,58.4,27572.0,61.7,26832.0,64.2,25412.0,64.0,4569.0,78.9,23799.0,50.4,23788.0,53.2,,,23128.0,55.4,21891.0,55.1,4152.0,71.7,2431.0,10.2,2430.0,10.5,2312.0,10.6,1144.0,13.5,635.0,15.3,B,8.0,8.0,,8.0,8.0,8.0,Metro,4.0,4.0,,4.0,4.0,4.0,,,,,,,,,47266.0,44704.0,,41773.0,39720.0,5790.0
27,03/12/2022,51540,10,Charlottesville city,VA,79.3,27589.0,58.4,27570.0,61.7,26830.0,64.2,25410.0,64.0,4569.0,78.9,23793.0,50.3,23783.0,53.2,,,23126.0,55.4,21889.0,55.1,4152.0,71.7,2425.0,10.2,2424.0,10.5,2308.0,10.5,1142.0,13.4,634.0,15.3,B,8.0,8.0,,8.0,8.0,8.0,Metro,4.0,4.0,,4.0,4.0,4.0,,,,,,,,,47266.0,44704.0,,41773.0,39720.0,5790.0
28,03/11/2022,51540,10,Charlottesville city,VA,79.3,27585.0,58.4,27566.0,61.7,26827.0,64.2,25407.0,64.0,4569.0,78.9,23789.0,50.3,23780.0,53.2,,,23123.0,55.4,21886.0,55.1,4152.0,71.7,2415.0,10.2,2414.0,10.4,2298.0,10.5,1140.0,13.4,633.0,15.2,B,8.0,8.0,,8.0,8.0,8.0,Metro,4.0,4.0,,4.0,4.0,4.0,,,,,,,,,47266.0,44704.0,,41773.0,39720.0,5790.0
29,03/10/2022,51540,10,Charlottesville city,VA,79.3,27580.0,58.4,27561.0,61.7,26822.0,64.2,25403.0,64.0,4569.0,78.9,23786.0,50.3,23778.0,53.2,,,23121.0,55.3,21884.0,55.1,4151.0,71.7,2404.0,10.1,2403.0,10.4,2289.0,10.5,1136.0,13.4,632.0,15.2,B,8.0,8.0,,8.0,8.0,8.0,Metro,4.0,4.0,,4.0,4.0,4.0,,,,,,,,,47266.0,44704.0,,41773.0,39720.0,5790.0
30,03/09/2022,51540,10,Charlottesville city,VA,79.3,27571.0,58.3,27552.0,61.6,26813.0,64.2,25394.0,63.9,4569.0,78.9,23782.0,50.3,23774.0,53.2,,,23117.0,55.3,21880.0,55.1,4151.0,71.7,2398.0,10.1,2397.0,10.4,2283.0,10.4,1135.0,13.4,632.0,15.2,B,8.0,8.0,,8.0,8.0,8.0,Metro,4.0,4.0,,4.0,4.0,4.0,,,,,,,,,47266.0,44704.0,,41773.0,39720.0,5790.0
31,03/08/2022,51540,10,Charlottesville city,VA,79.3,27569.0,58.3,27550.0,61.6,26812.0,64.2,25393.0,63.9,4569.0,78.9,23781.0,50.3,23773.0,53.2,,,23117.0,55.3,21880.0,55.1,4151.0,71.7,2391.0,10.1,2390.0,10.3,2277.0,10.4,1133.0,13.3,631.0,15.2,B,8.0,8.0,,8.0,8.0,8.0,Metro,4.0,4.0,,4.0,4.0,4.0,,,,,,,,,47266.0,44704.0,,41773.0,39720.0,5790.0
32,03/07/2022,51540,10,Charlottesville city,VA,79.3,27568.0,58.3,27549.0,61.6,26811.0,64.2,25392.0,63.9,4569.0,78.9,23780.0,50.3,23772.0,53.2,,,23116.0,55.3,21879.0,55.1,4151.0,71.7,2389.0,10.0,2388.0,10.3,2276.0,10.4,1132.0,13.3,631.0,15.2,B,8.0,8.0,,8.0,8.0,8.0,Metro,4.0,4.0,,4.0,4.0,4.0,,,,,,,,,47266.0,44704.0,,41773.0,39720.0,5790.0
33,03/06/2022,51540,10,Charlottesville city,VA,79.3,27567.0,58.3,27548.0,61.6,26810.0,64.2,25391.0,63.9,4569.0,78.9,23779.0,50.3,23771.0,53.2,,,23115.0,55.3,21878.0,55.1,4151.0,71.7,2389.0,10.0,2388.0,10.3,2276.0,10.4,1132.0,13.3,631.0,15.2,B,8.0,8.0,,8.0,8.0,8.0,Metro,4.0,4.0,,4.0,4.0,4.0,,,,,,,,,47266.0,44704.0,,41773.0,39720.0,5790.0
34,03/05/2022,51540,9,Charlottesville city,VA,79.4,27564.0,58.3,27545.0,61.6,26808.0,64.2,25389.0,63.9,4569.0,78.9,23779.0,50.3,23771.0,53.2,,,23115.0,55.3,21878.0,55.1,4151.0,71.7,2384.0,10.0,2383.0,10.3,2272.0,10.4,1130.0,13.3,630.0,15.2,B,8.0,8.0,,8.0,8.0,8.0,Metro,4.0,4.0,,4.0,4.0,4.0,,,,,,,,,47266.0,44704.0,,41773.0,39720.0,5790.0
35,03/04/2022,51540,9,Charlottesville city,VA,79.4,27560.0,58.3,27541.0,61.6,26807.0,64.2,25388.0,63.9,4569.0,78.9,23775.0,50.3,23767.0,53.2,,,23111.0,55.3,21875.0,55.1,4150.0,71.7,2378.0,10.0,2377.0,10.3,2267.0,10.4,1127.0,13.3,629.0,15.2,B,8.0,8.0,,8.0,8.0,8.0,Metro,4.0,4.0,,4.0,4.0,4.0,,,,,,,,,47266.0,44704.0,,41773.0,39720.0,5790.0
36,03/03/2022,51540,9,Charlottesville city,VA,79.4,27556.0,58.3,27539.0,61.6,26805.0,64.2,25387.0,63.9,4569.0,78.9,23774.0,50.3,23766.0,53.2,,,23110.0,55.3,21874.0,55.1,4150.0,71.7,2372.0,10.0,2371.0,10.3,2262.0,10.3,1124.0,13.2,627.0,15.1,B,8.0,8.0,,8.0,8.0,8.0,Metro,4.0,4.0,,4.0,4.0,4.0,,,,,,,,,47266.0,44704.0,,41773.0,39720.0,5790.0
37,03/02/2022,51540,9,Charlottesville city,VA,79.4,27554.0,58.3,27537.0,61.6,26803.0,64.2,25385.0,63.9,4568.0,78.9,23768.0,50.3,23760.0,53.1,,,23105.0,55.3,21869.0,55.1,4149.0,71.7,2370.0,10.0,2369.0,10.3,2260.0,10.3,1123.0,13.2,626.0,15.1,B,8.0,8.0,,8.0,8.0,8.0,Metro,4.0,4.0,,4.0,4.0,4.0,,,,,,,,,47266.0,44704.0,,41773.0,39720.0,5790.0
38,03/01/2022,51540,9,Charlottesville city,VA,79.4,27550.0,58.3,27533.0,61.6,26799.0,64.2,25381.0,63.9,4568.0,78.9,23765.0,50.3,23757.0,53.1,,,23103.0,55.3,21867.0,55.1,4149.0,71.7,2366.0,10.0,2365.0,10.2,2258.0,10.3,1122.0,13.2,625.0,15.1,B,8.0,8.0,,8.0,8.0,8.0,Metro,4.0,4.0,,4.0,4.0,4.0,,,,,,,,,47266.0,44704.0,,41773.0,39720.0,5790.0
39,02/28/2022,51540,9,Charlottesville city,VA,79.4,27550.0,58.3,27533.0,61.6,26799.0,64.2,25381.0,63.9,4568.0,78.9,23765.0,50.3,23757.0,53.1,,,23103.0,55.3,21867.0,55.1,4149.0,71.7,2365.0,10.0,2364.0,10.2,2258.0,10.3,1122.0,13.2,625.0,15.1,B,8.0,8.0,,8.0,8.0,8.0,Metro,4.0,4.0,,4.0,4.0,4.0,,,,,,,,,47266.0,44704.0,,41773.0,39720.0,5790.0
40,02/27/2022,51540,9,Charlottesville city,VA,79.4,27550.0,58.3,27533.0,61.6,26799.0,64.2,25381.0,63.9,4568.0,78.9,23765.0,50.3,23757.0,53.1,,,23103.0,55.3,21867.0,55.1,4149.0,71.7,2365.0,10.0,2364.0,10.2,2258.0,10.3,1122.0,13.2,625.0,15.1,B,8.0,8.0,,8.0,8.0,8.0,Metro,4.0,4.0,,4.0,4.0,4.0,,,,,,,,,47266.0,44704.0,,41773.0,39720.0,5790.0
41,02/26/2022,51540,8,Charlottesville city,VA,79.4,27545.0,58.3,27528.0,61.6,26796.0,64.1,25378.0,63.9,4568.0,78.9,23763.0,50.3,23756.0,53.1,,,23102.0,55.3,21866.0,55.1,4149.0,71.7,2363.0,9.9,2362.0,10.2,2257.0,10.3,1122.0,13.2,625.0,15.1,B,8.0,8.0,,8.0,8.0,8.0,Metro,4.0,4.0,,4.0,4.0,4.0,,,,,,,,,47266.0,44704.0,,41773.0,39720.0,5790.0
42,02/25/2022,51540,8,Charlottesville city,VA,79.4,27541.0,58.3,27524.0,61.6,26792.0,64.1,25374.0,63.9,4568.0,78.9,23760.0,50.3,23753.0,53.1,,,23099.0,55.3,21863.0,55.0,4149.0,71.7,2360.0,9.9,2359.0,10.2,2254.0,10.3,1120.0,13.2,623.0,15.0,B,8.0,8.0,,8.0,8.0,8.0,Metro,4.0,4.0,,4.0,4.0,4.0,,,,,,,,,47266.0,44704.0,,41773.0,39720.0,5790.0
43,02/24/2022,51540,8,Charlottesville city,VA,79.4,27548.0,58.3,27531.0,61.6,26799.0,64.2,25381.0,63.9,4568.0,78.9,23757.0,50.3,23751.0,53.1,,,23099.0,55.3,21863.0,55.0,4149.0,71.7,2355.0,9.9,2354.0,10.2,2250.0,10.3,1119.0,13.2,623.0,15.0,B,8.0,8.0,,8.0,8.0,8.0,Metro,4.0,4.0,,4.0,4.0,4.0,,,,,,,,,47266.0,44704.0,,41773.0,39720.0,5790.0
44,02/23/2022,51540,8,Charlottesville city,VA,79.5,27543.0,58.3,27526.0,61.6,26796.0,64.1,25379.0,63.9,4568.0,78.9,23752.0,50.3,23746.0,53.1,,,23098.0,55.3,21862.0,55.0,4149.0,71.7,2346.0,9.9,2345.0,10.2,2242.0,10.3,1115.0,13.1,621.0,15.0,B,8.0,8.0,,8.0,8.0,8.0,Metro,4.0,4.0,,4.0,4.0,4.0,,,,,,,,,47266.0,44704.0,,41773.0,39720.0,5790.0
45,02/22/2022,51540,8,Charlottesville city,VA,79.5,27545.0,58.3,27528.0,61.6,26797.0,64.1,25380.0,63.9,4568.0,78.9,23750.0,50.2,23744.0,53.1,,,23097.0,55.3,21860.0,55.0,4149.0,71.7,2338.0,9.8,2337.0,10.1,2235.0,10.2,1109.0,13.1,619.0,14.9,B,8.0,8.0,,8.0,8.0,8.0,Metro,4.0,4.0,,4.0,4.0,4.0,,,,,,,,,47266.0,44704.0,,41773.0,39720.0,5790.0
46,02/21/2022,51540,8,Charlottesville city,VA,79.5,27545.0,58.3,27528.0,61.6,26797.0,64.1,25380.0,63.9,4568.0,78.9,23750.0,50.2,23744.0,53.1,,,23097.0,55.3,21860.0,55.0,4149.0,71.7,2336.0,9.8,2335.0,10.1,2233.0,10.2,1109.0,13.1,619.0,14.9,B,8.0,8.0,,8.0,8.0,8.0,Metro,4.0,4.0,,4.0,4.0,4.0,,,,,,,,,47266.0,44704.0,,41773.0,39720.0,5790.0
47,02/20/2022,51540,8,Charlottesville city,VA,79.5,27544.0,58.3,27527.0,61.6,26796.0,64.1,25379.0,63.9,4567.0,78.9,23750.0,50.2,23744.0,53.1,,,23097.0,55.3,21860.0,55.0,4149.0,71.7,2335.0,9.8,2334.0,10.1,2232.0,10.2,1108.0,13.1,618.0,14.9,B,8.0,8.0,,8.0,8.0,8.0,Metro,4.0,4.0,,4.0,4.0,4.0,,,,,,,,,47266.0,44704.0,,41773.0,39720.0,5790.0
48,02/19/2022,51540,7,Charlottesville city,VA,79.5,27537.0,58.3,27521.0,61.6,26790.0,64.1,25373.0,63.9,4566.0,78.9,23743.0,50.2,23737.0,53.1,,,23092.0,55.3,21855.0,55.0,4147.0,71.6,2327.0,9.8,2326.0,10.1,2226.0,10.2,1105.0,13.0,616.0,14.9,B,8.0,8.0,,8.0,8.0,8.0,Metro,4.0,4.0,,4.0,4.0,4.0,,,,,,,,,47266.0,44704.0,,41773.0,39720.0,5790.0
49,02/18/2022,51540,7,Charlottesville city,VA,79.5,27536.0,58.3,27520.0,61.6,26789.0,64.1,25372.0,63.9,4566.0,78.9,23740.0,50.2,23736.0,53.1,,,23091.0,55.3,21855.0,55.0,4147.0,71.6,2324.0,9.8,2323.0,10.1,2225.0,10.2,1105.0,13.0,616.0,14.9,B,8.0,8.0,,8.0,8.0,8.0,Metro,4.0,4.0,,4.0,4.0,4.0,,,,,,,,,47266.0,44704.0,,41773.0,39720.0,5790.0
50,02/17/2022,51540,7,Charlottesville city,VA,79.5,27536.0,58.3,27520.0,61.6,26790.0,64.1,25373.0,63.9,4566.0,78.9,23738.0,50.2,23734.0,53.1,,,23089.0,55.3,21853.0,55.0,4147.0,71.6,2314.0,9.7,2313.0,10.0,2216.0,10.1,1100.0,13.0,613.0,14.8,B,8.0,8.0,,8.0,8.0,8.0,Metro,4.0,4.0,,4.0,4.0,4.0,,,,,,,,,47266.0,44704.0,,41773.0,39720.0,5790.0
51,02/16/2022,51540,7,Charlottesville city,VA,79.4,27532.0,58.2,27517.0,61.6,26789.0,64.1,25372.0,63.9,4565.0,78.8,23734.0,50.2,23730.0,53.1,,,23087.0,55.3,21851.0,55.0,4145.0,71.6,2311.0,9.7,2310.0,10.0,2213.0,10.1,1099.0,13.0,612.0,14.8,B,8.0,8.0,,8.0,8.0,8.0,Metro,4.0,4.0,,4.0,4.0,4.0,,,,,,,,,47266.0,44704.0,,41773.0,39720.0,5790.0
52,02/15/2022,51540,7,Charlottesville city,VA,79.4,27530.0,58.2,27515.0,61.5,26788.0,64.1,25371.0,63.9,4565.0,78.8,23731.0,50.2,23727.0,53.1,,,23085.0,55.3,21849.0,55.0,4145.0,71.6,2308.0,9.7,2307.0,10.0,2210.0,10.1,1097.0,12.9,612.0,14.8,B,8.0,8.0,,8.0,8.0,8.0,Metro,4.0,4.0,,4.0,4.0,4.0,,,,,,,,,47266.0,44704.0,,41773.0,39720.0,5790.0
53,02/14/2022,51540,7,Charlottesville city,VA,79.4,27529.0,58.2,27514.0,61.5,26787.0,64.1,25370.0,63.9,4565.0,78.8,23731.0,50.2,23727.0,53.1,,,23085.0,55.3,21849.0,55.0,4145.0,71.6,2308.0,9.7,2307.0,10.0,2210.0,10.1,1097.0,12.9,612.0,14.8,B,8.0,8.0,,8.0,8.0,8.0,Metro,4.0,4.0,,4.0,4.0,4.0,,,,,,,,,47266.0,44704.0,,41773.0,39720.0,5790.0
54,02/13/2022,51540,7,Charlottesville city,VA,79.5,27526.0,58.2,27511.0,61.5,26785.0,64.1,25368.0,63.9,4565.0,78.8,23731.0,50.2,23727.0,53.1,,,23085.0,55.3,21849.0,55.0,4145.0,71.6,2307.0,9.7,2306.0,10.0,2210.0,10.1,1097.0,12.9,612.0,14.8,B,8.0,8.0,,8.0,8.0,8.0,Metro,4.0,4.0,,4.0,4.0,4.0,,,,,,,,,47266.0,44704.0,,41773.0,39720.0,5790.0
55,02/12/2022,51540,6,Charlottesville city,VA,79.5,27514.0,58.2,27499.0,61.5,26774.0,64.1,25357.0,63.8,4565.0,78.8,23716.0,50.2,23712.0,53.0,,,23074.0,55.2,21838.0,55.0,4144.0,71.6,2292.0,9.7,2291.0,9.9,2197.0,10.1,1089.0,12.8,607.0,14.6,B,8.0,8.0,,8.0,8.0,8.0,Metro,4.0,4.0,,4.0,4.0,4.0,,,,,,,,,47266.0,44704.0,,41773.0,39720.0,5790.0
56,02/11/2022,51540,6,Charlottesville city,VA,79.5,27511.0,58.2,27496.0,61.5,26771.0,64.1,25354.0,63.8,4564.0,78.8,23712.0,50.2,23708.0,53.0,,,23071.0,55.2,21835.0,55.0,4144.0,71.6,2284.0,9.6,2283.0,9.9,2191.0,10.0,1088.0,12.8,607.0,14.6,B,8.0,8.0,,8.0,8.0,8.0,Metro,4.0,4.0,,4.0,4.0,4.0,,,,,,,,,47266.0,44704.0,,41773.0,39720.0,5790.0
57,02/10/2022,51540,6,Charlottesville city,VA,79.5,27507.0,58.2,27492.0,61.5,26769.0,64.1,25351.0,63.8,4564.0,78.8,23705.0,50.2,23701.0,53.0,,,23066.0,55.2,21832.0,55.0,4144.0,71.6,2280.0,9.6,2279.0,9.9,2188.0,10.0,1088.0,12.8,607.0,14.6,B,8.0,8.0,,8.0,8.0,8.0,Metro,4.0,4.0,,4.0,4.0,4.0,,,,,,,,,47266.0,44704.0,,41773.0,39720.0,5790.0
58,02/09/2022,51540,6,Charlottesville city,VA,79.7,27498.0,58.2,27483.0,61.5,26761.0,64.1,25343.0,63.8,4564.0,78.8,23699.0,50.1,23695.0,53.0,,,23061.0,55.2,21829.0,55.0,4143.0,71.6,2273.0,9.6,2272.0,9.9,2182.0,10.0,1084.0,12.8,606.0,14.6,B,8.0,8.0,,8.0,8.0,8.0,Metro,4.0,4.0,,4.0,4.0,4.0,,,,,,,,,47266.0,44704.0,,41773.0,39720.0,5790.0
59,02/08/2022,51540,6,Charlottesville city,VA,79.7,27488.0,58.2,27473.0,61.5,26754.0,64.0,25336.0,63.8,4562.0,78.8,23692.0,50.1,23688.0,53.0,,,23055.0,55.2,21823.0,54.9,4141.0,71.5,2268.0,9.6,2267.0,9.8,2178.0,10.0,1081.0,12.8,605.0,14.6,B,8.0,8.0,,8.0,8.0,8.0,Metro,4.0,4.0,,4.0,4.0,4.0,,,,,,,,,47266.0,44704.0,,41773.0,39720.0,5790.0
60,02/07/2022,51540,6,Charlottesville city,VA,79.7,27487.0,58.2,27472.0,61.5,26753.0,64.0,25335.0,63.8,4562.0,78.8,23691.0,50.1,23687.0,53.0,,,23054.0,55.2,21822.0,54.9,4141.0,71.5,2266.0,9.6,2265.0,9.8,2176.0,10.0,1080.0,12.8,604.0,14.6,B,8.0,8.0,,8.0,8.0,8.0,Metro,4.0,4.0,,4.0,4.0,4.0,,,,,,,,,47266.0,44704.0,,41773.0,39720.0,5790.0
61,02/06/2022,51540,6,Charlottesville city,VA,79.7,27485.0,58.1,27470.0,61.4,26751.0,64.0,25333.0,63.8,4562.0,78.8,23691.0,50.1,23687.0,53.0,,,23054.0,55.2,21822.0,54.9,4141.0,71.5,2261.0,9.5,2260.0,9.8,2172.0,10.0,1080.0,12.8,604.0,14.6,B,8.0,8.0,,8.0,8.0,8.0,Metro,4.0,4.0,,4.0,4.0,4.0,,,,,,,,,47266.0,44704.0,,41773.0,39720.0,5790.0
62,02/05/2022,51540,5,Charlottesville city,VA,79.7,27480.0,58.1,27466.0,61.4,26749.0,64.0,25331.0,63.8,4562.0,78.8,23684.0,50.1,23680.0,53.0,,,23047.0,55.2,21815.0,54.9,4140.0,71.5,2250.0,9.5,2249.0,9.8,2165.0,9.9,1076.0,12.7,601.0,14.5,B,8.0,8.0,,8.0,8.0,8.0,Metro,4.0,4.0,,4.0,4.0,4.0,,,,,,,,,47266.0,44704.0,,41773.0,39720.0,5790.0
63,02/04/2022,51540,5,Charlottesville city,VA,79.8,27476.0,58.1,27462.0,61.4,26746.0,64.0,25328.0,63.8,4562.0,78.8,23678.0,50.1,23674.0,53.0,,,23042.0,55.2,21811.0,54.9,4139.0,71.5,2243.0,9.5,2242.0,9.7,2159.0,9.9,1075.0,12.7,600.0,14.5,B,8.0,8.0,,8.0,8.0,8.0,Metro,4.0,4.0,,4.0,4.0,4.0,,,,,,,,,47266.0,44704.0,,41773.0,39720.0,5790.0
64,02/03/2022,51540,5,Charlottesville city,VA,79.8,27466.0,58.1,27453.0,61.4,26738.0,64.0,25321.0,63.7,4561.0,78.8,23670.0,50.1,23666.0,52.9,,,23036.0,55.1,21805.0,54.9,4139.0,71.5,2233.0,9.4,2233.0,9.7,2150.0,9.9,1071.0,12.7,597.0,14.4,B,8.0,8.0,,8.0,8.0,8.0,Metro,4.0,4.0,,4.0,4.0,4.0,,,,,,,,,47266.0,44704.0,,41773.0,39720.0,5790.0
65,02/02/2022,51540,5,Charlottesville city,VA,79.8,27458.0,58.1,27445.0,61.4,26732.0,64.0,25314.0,63.7,4557.0,78.7,23662.0,50.1,23658.0,52.9,,,23030.0,55.1,21800.0,54.9,4137.0,71.5,2225.0,9.4,2225.0,9.7,2143.0,9.8,1066.0,12.6,593.0,14.3,B,8.0,8.0,,8.0,8.0,8.0,Metro,4.0,4.0,,4.0,4.0,4.0,,,,,,,,,47266.0,44704.0,,41773.0,39720.0,5790.0
66,02/01/2022,51540,5,Charlottesville city,VA,79.8,27455.0,58.1,27442.0,61.4,26730.0,64.0,25312.0,63.7,4558.0,78.7,23652.0,50.0,23648.0,52.9,,,23022.0,55.1,21792.0,54.9,4135.0,71.4,2220.0,9.4,2220.0,9.6,2138.0,9.8,1063.0,12.6,592.0,14.3,B,8.0,8.0,,8.0,8.0,8.0,Metro,4.0,4.0,,4.0,4.0,4.0,,,,,,,,,47266.0,44704.0,,41773.0,39720.0,5790.0
67,01/31/2022,51540,5,Charlottesville city,VA,79.8,27453.0,58.1,27440.0,61.4,26728.0,64.0,25310.0,63.7,4558.0,78.7,23652.0,50.0,23648.0,52.9,,,23022.0,55.1,21792.0,54.9,4135.0,71.4,2218.0,9.4,2218.0,9.6,2136.0,9.8,1062.0,12.6,592.0,14.3,B,8.0,8.0,,8.0,8.0,8.0,Metro,4.0,4.0,,4.0,4.0,4.0,,,,,,,,,47266.0,44704.0,,41773.0,39720.0,5790.0
68,01/30/2022,51540,5,Charlottesville city,VA,79.8,27451.0,58.1,27438.0,61.4,26726.0,64.0,25309.0,63.7,4558.0,78.7,23652.0,50.0,23648.0,52.9,,,23022.0,55.1,21792.0,54.9,4135.0,71.4,2214.0,9.4,2214.0,9.6,2132.0,9.8,1060.0,12.5,591.0,14.3,B,8.0,8.0,,8.0,8.0,8.0,Metro,4.0,4.0,,4.0,4.0,4.0,,,,,,,,,47266.0,44704.0,,41773.0,39720.0,5790.0
69,01/29/2022,51540,4,Charlottesville city,VA,79.9,27429.0,58.0,27417.0,61.3,26707.0,63.9,25290.0,63.7,4550.0,78.6,23638.0,50.0,23634.0,52.9,,,23014.0,55.1,21784.0,54.8,4131.0,71.3,2192.0,9.3,2192.0,9.5,2116.0,9.7,1053.0,12.5,586.0,14.2,B,8.0,8.0,,8.0,8.0,8.0,Metro,4.0,4.0,,4.0,4.0,4.0,,,,,,,,,47266.0,44704.0,,41773.0,39720.0,5790.0
70,01/28/2022,51540,4,Charlottesville city,VA,79.9,27428.0,58.0,27416.0,61.3,26706.0,63.9,25289.0,63.7,4549.0,78.6,23638.0,50.0,23634.0,52.9,,,23014.0,55.1,21784.0,54.8,4131.0,71.3,2191.0,9.3,2191.0,9.5,2115.0,9.7,1053.0,12.5,586.0,14.2,B,8.0,8.0,,8.0,8.0,8.0,Metro,4.0,4.0,,4.0,4.0,4.0,,,,,,,,,47266.0,44704.0,,41773.0,39720.0,5790.0
71,01/27/2022,51540,4,Charlottesville city,VA,79.9,27423.0,58.0,27411.0,61.3,26703.0,63.9,25286.0,63.7,4548.0,78.5,23635.0,50.0,23631.0,52.9,,,23011.0,55.1,21781.0,54.8,4130.0,71.3,2172.0,9.2,2172.0,9.4,2099.0,9.6,1046.0,12.4,583.0,14.1,B,8.0,8.0,,8.0,8.0,8.0,Metro,4.0,4.0,,4.0,4.0,4.0,,,,,,,,,47266.0,44704.0,,41773.0,39720.0,5790.0
72,01/26/2022,51540,4,Charlottesville city,VA,79.9,27410.0,58.0,27398.0,61.3,26695.0,63.9,25279.0,63.6,4548.0,78.5,23626.0,50.0,23622.0,52.8,,,23004.0,55.1,21775.0,54.8,4129.0,71.3,2158.0,9.1,,,2088.0,9.6,1043.0,12.3,582.0,14.1,B,8.0,8.0,,8.0,8.0,8.0,Metro,4.0,4.0,,4.0,4.0,4.0,,,,,,,,,47266.0,44704.0,,41773.0,39720.0,5790.0
73,01/25/2022,51540,4,Charlottesville city,VA,79.9,27408.0,58.0,27396.0,61.3,26693.0,63.9,25278.0,63.6,4548.0,78.5,23623.0,50.0,23619.0,52.8,,,23002.0,55.1,21773.0,54.8,4129.0,71.3,2151.0,9.1,,,2081.0,9.6,1041.0,12.3,582.0,14.1,B,8.0,8.0,,8.0,8.0,8.0,Metro,4.0,4.0,,4.0,4.0,4.0,,,,,,,,,47266.0,44704.0,,41773.0,39720.0,5790.0
74,01/24/2022,51540,4,Charlottesville city,VA,79.9,27407.0,58.0,27395.0,61.3,26692.0,63.9,25277.0,63.6,4548.0,78.5,23622.0,50.0,23618.0,52.8,,,23002.0,55.1,21773.0,54.8,4129.0,71.3,2149.0,9.1,,,2080.0,9.6,1040.0,12.3,581.0,14.1,B,8.0,8.0,,8.0,8.0,8.0,Metro,4.0,4.0,,4.0,4.0,4.0,,,,,,,,,47266.0,44704.0,,41773.0,39720.0,5790.0
75,01/23/2022,51540,4,Charlottesville city,VA,79.9,27404.0,58.0,27392.0,61.3,26689.0,63.9,25274.0,63.6,4547.0,78.5,23622.0,50.0,23618.0,52.8,,,23002.0,55.1,21773.0,54.8,4129.0,71.3,2146.0,9.1,,,2078.0,9.5,1039.0,12.3,581.0,14.1,B,8.0,8.0,,8.0,8.0,8.0,Metro,4.0,4.0,,4.0,4.0,4.0,,,,,,,,,47266.0,44704.0,,41773.0,39720.0,5790.0
76,01/22/2022,51540,3,Charlottesville city,VA,79.9,27397.0,58.0,27385.0,61.3,26683.0,63.9,25268.0,63.6,4546.0,78.5,23617.0,50.0,23613.0,52.8,,,22998.0,55.1,21769.0,54.8,4128.0,71.3,2131.0,9.0,,,2064.0,9.5,1034.0,12.2,580.0,14.1,B,8.0,8.0,,8.0,8.0,8.0,Metro,4.0,4.0,,4.0,4.0,4.0,,,,,,,,,47266.0,44704.0,,41773.0,39720.0,5790.0
77,01/21/2022,51540,3,Charlottesville city,VA,79.9,27388.0,57.9,27376.0,61.2,26676.0,63.9,25261.0,63.6,4544.0,78.5,23612.0,50.0,23608.0,52.8,,,22993.0,55.0,21764.0,54.8,4128.0,71.3,2119.0,9.0,,,2054.0,9.4,1030.0,12.2,579.0,14.0,B,8.0,8.0,,8.0,8.0,8.0,Metro,4.0,4.0,,4.0,4.0,4.0,,,,,,,,,47266.0,44704.0,,41773.0,39720.0,5790.0
78,01/20/2022,51540,3,Charlottesville city,VA,80.0,27376.0,57.9,27364.0,61.2,26666.0,63.8,25253.0,63.6,4543.0,78.5,23606.0,49.9,23602.0,52.8,,,22989.0,55.0,21761.0,54.8,4127.0,71.3,2093.0,8.9,,,2032.0,9.3,1023.0,12.1,577.0,14.0,B,7.0,8.0,,8.0,8.0,8.0,Metro,3.0,4.0,,4.0,4.0,4.0,,,,,,,,,47266.0,44704.0,,41773.0,39720.0,5790.0
79,01/19/2022,51540,3,Charlottesville city,VA,80.0,27356.0,57.9,27344.0,61.2,26649.0,63.8,25239.0,63.5,4543.0,78.5,23602.0,49.9,23598.0,52.8,,,22985.0,55.0,21758.0,54.8,4126.0,71.3,2075.0,8.8,,,2014.0,9.3,1022.0,12.1,577.0,14.0,B,7.0,8.0,,8.0,8.0,8.0,Metro,3.0,4.0,,4.0,4.0,4.0,,,,,,,,,47266.0,44704.0,,41773.0,39720.0,5790.0
80,01/18/2022,51540,3,Charlottesville city,VA,80.3,27354.0,57.9,27342.0,61.2,26647.0,63.8,25237.0,63.5,4543.0,78.5,23602.0,49.9,23598.0,52.8,,,22985.0,55.0,21758.0,54.8,4126.0,71.3,2074.0,8.8,,,2013.0,9.3,1021.0,12.1,577.0,14.0,B,7.0,8.0,,8.0,8.0,8.0,Metro,3.0,4.0,,4.0,4.0,4.0,,,,,,,,,47266.0,44704.0,,41773.0,39720.0,5790.0
81,01/17/2022,51540,3,Charlottesville city,VA,80.3,27348.0,57.9,27336.0,61.1,26641.0,63.8,25231.0,63.5,4543.0,78.5,23598.0,49.9,23594.0,52.8,,,22981.0,55.0,21754.0,54.8,4126.0,71.3,2071.0,8.8,,,2011.0,9.2,1021.0,12.1,577.0,14.0,B,7.0,8.0,,8.0,8.0,8.0,Metro,3.0,4.0,,4.0,4.0,4.0,,,,,,,,,47266.0,44704.0,,41773.0,39720.0,5790.0
82,01/16/2022,51540,2,Charlottesville city,VA,80.3,27341.0,57.8,27329.0,61.1,26634.0,63.8,25226.0,63.5,4541.0,78.4,23598.0,49.9,23594.0,52.8,,,22981.0,55.0,21754.0,54.8,4126.0,71.3,2061.0,8.7,,,2002.0,9.2,1016.0,12.0,577.0,14.0,B,7.0,8.0,,8.0,8.0,8.0,Metro,3.0,4.0,,4.0,4.0,4.0,,,,,,,,,47266.0,44704.0,,41773.0,39720.0,5790.0
83,01/15/2022,51540,2,Charlottesville city,VA,80.3,27330.0,57.8,27318.0,61.1,26624.0,63.7,25216.0,63.5,4540.0,78.4,23595.0,49.9,23591.0,52.8,,,22978.0,55.0,21751.0,54.8,4126.0,71.3,2044.0,8.7,,,1988.0,9.1,1013.0,12.0,577.0,14.0,B,7.0,8.0,,8.0,8.0,8.0,Metro,3.0,4.0,,4.0,4.0,4.0,,,,,,,,,47266.0,44704.0,,41773.0,39720.0,5790.0
84,01/14/2022,51540,2,Charlottesville city,VA,80.3,27308.0,57.8,27296.0,61.1,26604.0,63.7,25197.0,63.4,4540.0,78.4,23587.0,49.9,23583.0,52.8,,,22972.0,55.0,21746.0,54.7,4126.0,71.3,2022.0,8.6,,,1967.0,9.0,1007.0,11.9,574.0,13.9,B,7.0,8.0,,8.0,8.0,8.0,Metro,3.0,4.0,,4.0,4.0,4.0,,,,,,,,,47266.0,44704.0,,41773.0,39720.0,5790.0
85,01/13/2022,51540,2,Charlottesville city,VA,80.4,27286.0,57.7,27274.0,61.0,26585.0,63.6,25179.0,63.4,4540.0,78.4,23577.0,49.9,23573.0,52.7,,,22965.0,55.0,21739.0,54.7,4126.0,71.3,1995.0,8.5,,,1943.0,8.9,1003.0,11.9,572.0,13.9,B,7.0,8.0,,8.0,8.0,8.0,Metro,3.0,4.0,,4.0,4.0,4.0,,,,,,,,,47266.0,44704.0,,41773.0,39720.0,5790.0
86,01/12/2022,51540,2,Charlottesville city,VA,80.4,27274.0,57.7,27262.0,61.0,26574.0,63.6,25168.0,63.4,4540.0,78.4,23569.0,49.9,23565.0,52.7,,,22957.0,55.0,21732.0,54.7,4126.0,71.3,1970.0,8.4,,,1919.0,8.8,991.0,11.7,567.0,13.7,B,7.0,8.0,,8.0,8.0,8.0,Metro,3.0,4.0,,4.0,4.0,4.0,,,,,,,,,47266.0,44704.0,,41773.0,39720.0,5790.0
87,01/11/2022,51540,2,Charlottesville city,VA,80.4,27255.0,57.7,27243.0,60.9,26558.0,63.6,25154.0,63.3,4539.0,78.4,23565.0,49.9,23561.0,52.7,,,22954.0,54.9,21731.0,54.7,4126.0,71.3,1953.0,8.3,,,1903.0,8.8,986.0,11.7,567.0,13.7,B,7.0,8.0,,8.0,8.0,8.0,Metro,3.0,4.0,,4.0,4.0,4.0,,,,,,,,,47266.0,44704.0,,41773.0,39720.0,5790.0
88,01/10/2022,51540,2,Charlottesville city,VA,80.4,27247.0,57.6,27235.0,60.9,26550.0,63.6,25147.0,63.3,4539.0,78.4,23559.0,49.8,23555.0,52.7,,,22950.0,54.9,21729.0,54.7,4126.0,71.3,1923.0,8.2,,,1890.0,8.7,983.0,11.6,566.0,13.7,B,7.0,8.0,,8.0,8.0,8.0,Metro,3.0,4.0,,4.0,4.0,4.0,,,,,,,,,47266.0,44704.0,,41773.0,39720.0,
89,01/09/2022,51540,1,Charlottesville city,VA,80.5,27241.0,57.6,27229.0,60.9,26545.0,63.5,25142.0,63.3,4539.0,78.4,23557.0,49.8,23553.0,52.7,,,22948.0,54.9,21727.0,54.7,4126.0,71.3,1918.0,8.1,,,1886.0,8.7,982.0,11.6,566.0,13.7,B,7.0,8.0,,8.0,8.0,8.0,Metro,3.0,4.0,,4.0,4.0,4.0,,,,,,,,,47266.0,44704.0,,41773.0,39720.0,
90,01/08/2022,51540,1,Charlottesville city,VA,80.5,27221.0,57.6,27209.0,60.9,26526.0,63.5,25124.0,63.3,4539.0,78.4,23555.0,49.8,23551.0,52.7,,,22946.0,54.9,21725.0,54.7,4126.0,71.3,1884.0,8.0,,,1857.0,8.5,976.0,11.6,565.0,13.7,B,7.0,8.0,,8.0,8.0,8.0,Metro,3.0,4.0,,4.0,4.0,4.0,,,,,,,,,47266.0,44704.0,,41773.0,39720.0,
91,01/07/2022,51540,1,Charlottesville city,VA,80.5,27205.0,57.6,27194.0,60.8,26518.0,63.5,25118.0,63.2,4539.0,78.4,23550.0,49.8,23546.0,52.7,,,22943.0,54.9,21725.0,54.7,4126.0,71.3,1864.0,7.9,,,1837.0,8.5,970.0,11.5,561.0,13.6,B,7.0,8.0,,8.0,8.0,8.0,Metro,3.0,4.0,,4.0,4.0,4.0,,,,,,,,,47266.0,44704.0,,41773.0,39720.0,
92,01/06/2022,51540,1,Charlottesville city,VA,80.5,27197.0,57.5,27186.0,60.8,26512.0,63.5,25112.0,63.2,4539.0,78.4,23538.0,49.8,23534.0,52.6,,,22940.0,54.9,21722.0,54.7,4126.0,71.3,1859.0,7.9,,,1832.0,8.4,966.0,11.4,559.0,13.5,B,7.0,8.0,,8.0,8.0,8.0,Metro,3.0,4.0,,4.0,4.0,4.0,,,,,,,,,47266.0,44704.0,,41773.0,39720.0,
93,01/05/2022,51540,1,Charlottesville city,VA,80.5,27191.0,57.5,27180.0,60.8,26507.0,63.5,25107.0,63.2,4539.0,78.4,23537.0,49.8,23533.0,52.6,,,22939.0,54.9,21721.0,54.7,4126.0,71.3,1857.0,7.9,,,1830.0,8.4,965.0,11.4,559.0,13.5,B,7.0,8.0,,8.0,8.0,8.0,Metro,3.0,4.0,,4.0,4.0,4.0,,,,,,,,,47266.0,44704.0,,41773.0,39720.0,5790.0
94,01/04/2022,51540,1,Charlottesville city,VA,80.6,27183.0,57.5,27172.0,60.8,26499.0,63.4,25100.0,63.2,4539.0,78.4,23534.0,49.8,23530.0,52.6,,,22936.0,54.9,21719.0,54.7,4126.0,71.3,1848.0,7.9,,,1822.0,8.4,965.0,11.4,559.0,13.5,B,7.0,8.0,,8.0,8.0,8.0,Metro,3.0,4.0,,4.0,4.0,4.0,,,,,,,,,47266.0,44704.0,,41773.0,39720.0,5790.0
95,01/03/2022,51540,1,Charlottesville city,VA,80.6,27177.0,57.5,27166.0,60.8,26493.0,63.4,25094.0,63.2,4539.0,78.4,23534.0,49.8,23530.0,52.6,,,22936.0,54.9,21719.0,54.7,4126.0,71.3,1847.0,7.8,,,1821.0,8.4,964.0,11.4,558.0,13.5,B,7.0,8.0,,8.0,8.0,8.0,Metro,3.0,4.0,,4.0,4.0,4.0,,,,,,,,,47266.0,44704.0,,41773.0,39720.0,5790.0
96,01/02/2022,51540,0,Charlottesville city,VA,80.6,27171.0,57.5,27160.0,60.8,26487.0,63.4,25089.0,63.2,4538.0,78.4,23534.0,49.8,23530.0,52.6,,,22936.0,54.9,21719.0,54.7,4126.0,71.3,1822.0,7.7,,,1797.0,8.3,955.0,11.3,555.0,13.5,B,7.0,8.0,,8.0,8.0,8.0,Metro,3.0,4.0,,4.0,4.0,4.0,,,,,,,,,47266.0,44704.0,,41773.0,39720.0,5790.0
97,01/01/2022,51540,0,Charlottesville city,VA,80.6,27171.0,57.5,27160.0,60.8,26487.0,63.4,25089.0,63.2,4538.0,78.4,23534.0,49.8,23530.0,52.6,,,22936.0,54.9,21719.0,54.7,4126.0,71.3,1822.0,7.7,,,1797.0,8.3,955.0,11.3,555.0,13.5,B,7.0,8.0,,8.0,8.0,8.0,Metro,3.0,4.0,,4.0,4.0,4.0,,,,,,,,,47266.0,44704.0,,41773.0,39720.0,5790.0
98,04/08/2022,51003,14,Albemarle County,VA,79.2,81128.0,74.2,81036.0,78.2,78000.0,82.0,72114.0,82.2,19175.0,90.6,70679.0,64.6,70631.0,68.2,7999.0,50.5,67895.0,71.4,62632.0,71.4,17107.0,80.9,19848.0,28.1,19833.0,29.2,18620.0,29.7,10855.0,33.7,6128.0,35.8,A,2.0,3.0,4.0,3.0,3.0,4.0,Metro,2.0,3.0,4.0,3.0,3.0,4.0,1.0,1.0,1.0,1.0,1.0,1.0,1.0,1.0,109330.0,103609.0,15832.0,95093.0,87777.0,21155.0
99,04/07/2022,51003,14,Albemarle County,VA,79.2,81089.0,74.2,80999.0,78.2,77964.0,82.0,72078.0,82.1,19146.0,90.5,70652.0,64.6,70604.0,68.1,7998.0,50.5,67869.0,71.4,62606.0,71.3,17088.0,80.8,19828.0,28.1,19813.0,29.2,18604.0,29.7,10845.0,33.7,6121.0,35.8,A,2.0,3.0,4.0,3.0,3.0,4.0,Metro,2.0,3.0,4.0,3.0,3.0,4.0,1.0,1.0,1.0,1.0,1.0,1.0,1.0,1.0,109330.0,103609.0,15832.0,95093.0,87777.0,21155.0
100,04/06/2022,51003,14,Albemarle County,VA,79.2,81095.0,74.2,81006.0,78.2,77973.0,82.0,72087.0,82.1,19149.0,90.5,70624.0,64.6,70577.0,68.1,7994.0,50.5,67845.0,71.3,62583.0,71.3,17082.0,80.7,19777.0,28.0,19762.0,29.1,18556.0,29.7,10814.0,33.6,6098.0,35.7,A,2.0,3.0,4.0,3.0,3.0,4.0,Metro,2.0,3.0,4.0,3.0,3.0,4.0,1.0,1.0,1.0,1.0,1.0,1.0,1.0,1.0,109330.0,103609.0,15832.0,95093.0,87777.0,21155.0
101,04/05/2022,51003,14,Albemarle County,VA,79.2,81087.0,74.2,80998.0,78.2,77966.0,82.0,72080.0,82.1,19145.0,90.5,70617.0,64.6,70570.0,68.1,7994.0,50.5,67838.0,71.3,62576.0,71.3,17080.0,80.7,19769.0,28.0,19754.0,29.1,18549.0,29.6,10809.0,33.6,6095.0,35.7,A,2.0,3.0,4.0,3.0,3.0,4.0,Metro,2.0,3.0,4.0,3.0,3.0,4.0,1.0,1.0,1.0,1.0,1.0,1.0,1.0,1.0,109330.0,103609.0,15832.0,95093.0,87777.0,21155.0
102,04/04/2022,51003,14,Albemarle County,VA,79.2,81078.0,74.2,80990.0,78.2,77958.0,82.0,72072.0,82.1,19140.0,90.5,70606.0,64.6,70559.0,68.1,7994.0,50.5,67827.0,71.3,62565.0,71.3,17070.0,80.7,19764.0,28.0,19749.0,29.1,18544.0,29.6,10806.0,33.6,6093.0,35.7,A,2.0,3.0,4.0,3.0,3.0,4.0,Metro,2.0,3.0,4.0,3.0,3.0,4.0,1.0,1.0,1.0,1.0,1.0,1.0,1.0,1.0,109330.0,103609.0,15832.0,95093.0,87777.0,21155.0
103,04/03/2022,51003,14,Albemarle County,VA,79.2,81054.0,74.1,80966.0,78.1,77934.0,82.0,72048.0,82.1,19123.0,90.4,70575.0,64.6,70528.0,68.1,7990.0,50.5,67800.0,71.3,62538.0,71.2,17051.0,80.6,19750.0,28.0,19735.0,29.1,18534.0,29.6,10800.0,33.6,6090.0,35.7,A,2.0,3.0,4.0,3.0,3.0,4.0,Metro,2.0,3.0,4.0,3.0,3.0,4.0,1.0,1.0,1.0,1.0,1.0,1.0,1.0,1.0,109330.0,103609.0,15832.0,95093.0,87777.0,21155.0
104,04/02/2022,51003,13,Albemarle County,VA,79.2,81048.0,74.1,80961.0,78.1,77929.0,82.0,72044.0,82.1,19121.0,90.4,70563.0,64.5,70518.0,68.1,7988.0,50.5,67792.0,71.3,62530.0,71.2,17049.0,80.6,19747.0,28.0,19732.0,29.1,18531.0,29.6,10799.0,33.6,6090.0,35.7,A,2.0,3.0,4.0,3.0,3.0,4.0,Metro,2.0,3.0,4.0,3.0,3.0,4.0,1.0,1.0,1.0,1.0,1.0,1.0,1.0,1.0,109330.0,103609.0,15832.0,95093.0,87777.0,21155.0
105,04/01/2022,51003,13,Albemarle County,VA,79.2,81036.0,74.1,80949.0,78.1,77919.0,81.9,72035.0,82.1,19117.0,90.4,70551.0,64.5,70508.0,68.1,7984.0,50.4,67784.0,71.3,62524.0,71.2,17046.0,80.6,19725.0,28.0,19710.0,29.1,18522.0,29.6,10792.0,33.6,6085.0,35.7,A,2.0,3.0,4.0,3.0,3.0,4.0,Metro,2.0,3.0,4.0,3.0,3.0,4.0,1.0,1.0,1.0,1.0,1.0,1.0,1.0,1.0,109330.0,103609.0,15832.0,95093.0,87777.0,21155.0
106,03/31/2022,51003,13,Albemarle County,VA,79.2,81021.0,74.1,80938.0,78.1,77908.0,81.9,72024.0,82.1,19113.0,90.3,70540.0,64.5,70497.0,68.0,7980.0,50.4,67777.0,71.3,62517.0,71.2,17044.0,80.6,19705.0,27.9,19690.0,29.1,18502.0,29.6,10777.0,33.6,6076.0,35.6,A,2.0,3.0,4.0,3.0,3.0,4.0,Metro,2.0,3.0,4.0,3.0,3.0,4.0,1.0,1.0,1.0,1.0,1.0,1.0,1.0,1.0,109330.0,103609.0,15832.0,95093.0,87777.0,21155.0
107,03/30/2022,51003,13,Albemarle County,VA,79.2,81015.0,74.1,80933.0,78.1,77903.0,81.9,72019.0,82.0,19112.0,90.3,70532.0,64.5,70490.0,68.0,7978.0,50.4,67771.0,71.3,62512.0,71.2,17044.0,80.6,19685.0,27.9,19671.0,29.0,18485.0,29.6,10771.0,33.5,6074.0,35.6,A,2.0,3.0,4.0,3.0,3.0,4.0,Metro,2.0,3.0,4.0,3.0,3.0,4.0,1.0,1.0,1.0,1.0,1.0,1.0,1.0,1.0,109330.0,103609.0,15832.0,95093.0,87777.0,21155.0
108,03/29/2022,51003,13,Albemarle County,VA,79.2,81002.0,74.1,80920.0,78.1,77894.0,81.9,72009.0,82.0,19111.0,90.3,70525.0,64.5,70483.0,68.0,7977.0,50.4,67765.0,71.3,62506.0,71.2,17042.0,80.6,19672.0,27.9,19658.0,29.0,18474.0,29.6,10765.0,33.5,6070.0,35.6,A,2.0,3.0,4.0,3.0,3.0,4.0,Metro,2.0,3.0,4.0,3.0,3.0,4.0,1.0,1.0,1.0,1.0,1.0,1.0,1.0,1.0,109330.0,103609.0,15832.0,95093.0,87777.0,21155.0
109,03/28/2022,51003,13,Albemarle County,VA,79.2,80998.0,74.1,80916.0,78.1,77892.0,81.9,72007.0,82.0,19111.0,90.3,70521.0,64.5,70479.0,68.0,7976.0,50.4,67761.0,71.3,62503.0,71.2,17042.0,80.6,19628.0,27.8,19614.0,28.9,18430.0,29.5,10732.0,33.4,6049.0,35.5,A,2.0,3.0,4.0,3.0,3.0,4.0,Metro,2.0,3.0,4.0,3.0,3.0,4.0,1.0,1.0,1.0,1.0,1.0,1.0,1.0,1.0,109330.0,103609.0,15832.0,95093.0,87777.0,21155.0
110,03/27/2022,51003,13,Albemarle County,VA,79.2,80993.0,74.1,80912.0,78.1,77888.0,81.9,72003.0,82.0,19110.0,90.3,70518.0,64.5,70476.0,68.0,7974.0,50.4,67760.0,71.3,62502.0,71.2,17041.0,80.6,19617.0,27.8,19603.0,28.9,18422.0,29.5,10731.0,33.4,6048.0,35.5,A,2.0,3.0,4.0,3.0,3.0,4.0,Metro,2.0,3.0,4.0,3.0,3.0,4.0,1.0,1.0,1.0,1.0,1.0,1.0,1.0,1.0,109330.0,103609.0,15832.0,95093.0,87777.0,21155.0
111,03/26/2022,51003,12,Albemarle County,VA,79.2,80978.0,74.1,80901.0,78.1,77878.0,81.9,71993.0,82.0,19109.0,90.3,70507.0,64.5,70465.0,68.0,7970.0,50.3,67752.0,71.2,62495.0,71.2,17041.0,80.6,19600.0,27.8,19586.0,28.9,18410.0,29.5,10723.0,33.4,6045.0,35.5,A,2.0,3.0,4.0,3.0,3.0,4.0,Metro,2.0,3.0,4.0,3.0,3.0,4.0,1.0,1.0,1.0,1.0,1.0,1.0,1.0,1.0,109330.0,103609.0,15832.0,95093.0,87777.0,21155.0
112,03/25/2022,51003,12,Albemarle County,VA,79.2,80965.0,74.1,80888.0,78.1,77867.0,81.9,71982.0,82.0,19109.0,90.3,70501.0,64.5,70459.0,68.0,7967.0,50.3,67749.0,71.2,62492.0,71.2,17040.0,80.5,19587.0,27.8,19575.0,28.9,18403.0,29.4,10719.0,33.4,6042.0,35.5,A,2.0,3.0,4.0,3.0,3.0,4.0,Metro,2.0,3.0,4.0,3.0,3.0,4.0,1.0,1.0,1.0,1.0,1.0,1.0,1.0,1.0,109330.0,103609.0,15832.0,95093.0,87777.0,21155.0
113,03/24/2022,51003,12,Albemarle County,VA,79.2,80962.0,74.1,80886.0,78.1,77865.0,81.9,71980.0,82.0,19109.0,90.3,70495.0,64.5,70453.0,68.0,7966.0,50.3,67744.0,71.2,62487.0,71.2,17039.0,80.5,19582.0,27.8,19570.0,28.9,18398.0,29.4,10717.0,33.4,6041.0,35.5,A,2.0,3.0,4.0,3.0,3.0,4.0,Metro,2.0,3.0,4.0,3.0,3.0,4.0,1.0,1.0,1.0,1.0,1.0,1.0,1.0,1.0,109330.0,103609.0,15832.0,95093.0,87777.0,21155.0
114,03/23/2022,51003,12,Albemarle County,VA,79.2,80948.0,74.0,80875.0,78.1,77859.0,81.9,71975.0,82.0,19107.0,90.3,70486.0,64.5,70446.0,68.0,,,67742.0,71.2,62487.0,71.2,17038.0,80.5,19570.0,27.8,19559.0,28.9,18390.0,29.4,10713.0,33.4,6039.0,35.4,A,4.0,4.0,,4.0,4.0,4.0,Metro,4.0,4.0,,4.0,4.0,4.0,,,,,,,,,109330.0,103609.0,,95093.0,87777.0,21155.0
115,03/22/2022,51003,12,Albemarle County,VA,79.3,80940.0,74.0,80868.0,78.1,77855.0,81.9,71972.0,82.0,19106.0,90.3,70479.0,64.5,70440.0,68.0,,,67738.0,71.2,62484.0,71.2,17037.0,80.5,19563.0,27.8,19552.0,28.9,18385.0,29.4,10710.0,33.4,6036.0,35.4,A,4.0,4.0,,4.0,4.0,4.0,Metro,4.0,4.0,,4.0,4.0,4.0,,,,,,,,,109330.0,103609.0,,95093.0,87777.0,21155.0
116,03/21/2022,51003,12,Albemarle County,VA,79.3,80939.0,74.0,80867.0,78.1,77854.0,81.9,71971.0,82.0,19106.0,90.3,70477.0,64.5,70438.0,68.0,,,67736.0,71.2,62482.0,71.2,17037.0,80.5,19535.0,27.7,19524.0,28.8,18363.0,29.4,10694.0,33.3,6026.0,35.4,A,4.0,4.0,,4.0,4.0,4.0,Metro,4.0,4.0,,4.0,4.0,4.0,,,,,,,,,109330.0,103609.0,,95093.0,87777.0,21155.0
117,03/20/2022,51003,12,Albemarle County,VA,79.3,80936.0,74.0,80864.0,78.0,77851.0,81.9,71968.0,82.0,19105.0,90.3,70474.0,64.5,70435.0,68.0,,,67733.0,71.2,62479.0,71.2,17037.0,80.5,19527.0,27.7,19516.0,28.8,18356.0,29.4,10692.0,33.3,6025.0,35.4,A,4.0,4.0,,4.0,4.0,4.0,Metro,4.0,4.0,,4.0,4.0,4.0,,,,,,,,,109330.0,103609.0,,95093.0,87777.0,21155.0
118,03/19/2022,51003,11,Albemarle County,VA,79.3,80927.0,74.0,80855.0,78.0,77844.0,81.9,71963.0,82.0,19105.0,90.3,70460.0,64.4,70421.0,68.0,,,67722.0,71.2,62471.0,71.2,17034.0,80.5,19503.0,27.7,19492.0,28.8,18336.0,29.4,10682.0,33.3,6016.0,35.3,A,4.0,4.0,,4.0,4.0,4.0,Metro,4.0,4.0,,4.0,4.0,4.0,,,,,,,,,109330.0,103609.0,,95093.0,87777.0,21155.0
119,03/18/2022,51003,11,Albemarle County,VA,79.3,80918.0,74.0,80846.0,78.0,77836.0,81.9,71956.0,82.0,19104.0,90.3,70455.0,64.4,70416.0,68.0,,,67718.0,71.2,62467.0,71.2,17033.0,80.5,19493.0,27.7,19482.0,28.8,18329.0,29.3,10679.0,33.3,6014.0,35.3,A,4.0,4.0,,4.0,4.0,4.0,Metro,4.0,4.0,,4.0,4.0,4.0,,,,,,,,,109330.0,103609.0,,95093.0,87777.0,21155.0
120,03/17/2022,51003,11,Albemarle County,VA,79.3,80912.0,74.0,80842.0,78.0,77834.0,81.9,71954.0,82.0,19104.0,90.3,70445.0,64.4,70408.0,68.0,,,67715.0,71.2,62465.0,71.2,17033.0,80.5,19480.0,27.7,19469.0,28.8,18319.0,29.3,10675.0,33.3,6013.0,35.3,A,4.0,4.0,,4.0,4.0,4.0,Metro,4.0,4.0,,4.0,4.0,4.0,,,,,,,,,109330.0,103609.0,,95093.0,87777.0,21155.0
121,03/16/2022,51003,11,Albemarle County,VA,79.3,80900.0,74.0,80831.0,78.0,77824.0,81.8,71946.0,82.0,19101.0,90.3,70436.0,64.4,70399.0,67.9,,,67710.0,71.2,62463.0,71.2,17033.0,80.5,19468.0,27.6,19457.0,28.7,18307.0,29.3,10670.0,33.3,6010.0,35.3,A,4.0,4.0,,4.0,4.0,4.0,Metro,4.0,4.0,,4.0,4.0,4.0,,,,,,,,,109330.0,103609.0,,95093.0,87777.0,21155.0
122,03/15/2022,51003,11,Albemarle County,VA,79.3,80899.0,74.0,80830.0,78.0,77824.0,81.8,71946.0,82.0,19101.0,90.3,70430.0,64.4,70393.0,67.9,,,67706.0,71.2,62460.0,71.2,17033.0,80.5,19454.0,27.6,19443.0,28.7,18297.0,29.3,10667.0,33.2,6007.0,35.3,A,4.0,4.0,,4.0,4.0,4.0,Metro,4.0,4.0,,4.0,4.0,4.0,,,,,,,,,109330.0,103609.0,,95093.0,87777.0,21155.0
123,03/14/2022,51003,11,Albemarle County,VA,79.3,80897.0,74.0,80828.0,78.0,77823.0,81.8,71945.0,82.0,19101.0,90.3,70426.0,64.4,70389.0,67.9,,,67705.0,71.2,62459.0,71.2,17033.0,80.5,19445.0,27.6,19434.0,28.7,18293.0,29.3,10664.0,33.2,6006.0,35.3,A,4.0,4.0,,4.0,4.0,4.0,Metro,4.0,4.0,,4.0,4.0,4.0,,,,,,,,,109330.0,103609.0,,95093.0,87777.0,21155.0
124,03/13/2022,51003,11,Albemarle County,VA,79.3,80892.0,74.0,80823.0,78.0,77820.0,81.8,71943.0,82.0,19100.0,90.3,70420.0,64.4,70385.0,67.9,,,67701.0,71.2,62456.0,71.2,17033.0,80.5,19431.0,27.6,19420.0,28.7,18280.0,29.3,10657.0,33.2,6001.0,35.2,A,4.0,4.0,,4.0,4.0,4.0,Metro,4.0,4.0,,4.0,4.0,4.0,,,,,,,,,109330.0,103609.0,,95093.0,87777.0,21155.0
125,03/12/2022,51003,10,Albemarle County,VA,79.3,80881.0,74.0,80812.0,78.0,77811.0,81.8,71934.0,82.0,19096.0,90.3,70414.0,64.4,70379.0,67.9,,,67698.0,71.2,62453.0,71.1,17032.0,80.5,19415.0,27.6,19404.0,28.7,18265.0,29.2,10648.0,33.2,5994.0,35.2,A,4.0,4.0,,4.0,4.0,4.0,Metro,4.0,4.0,,4.0,4.0,4.0,,,,,,,,,109330.0,103609.0,,95093.0,87777.0,21155.0
126,03/11/2022,51003,10,Albemarle County,VA,79.3,80866.0,74.0,80799.0,78.0,77800.0,81.8,71924.0,81.9,19090.0,90.2,70396.0,64.4,70362.0,67.9,,,67683.0,71.2,62441.0,71.1,17029.0,80.5,19393.0,27.5,19382.0,28.6,18251.0,29.2,10643.0,33.2,5991.0,35.2,A,4.0,4.0,,4.0,4.0,4.0,Metro,4.0,4.0,,4.0,4.0,4.0,,,,,,,,,109330.0,103609.0,,95093.0,87777.0,21155.0
127,03/10/2022,51003,10,Albemarle County,VA,79.3,80860.0,74.0,80795.0,78.0,77796.0,81.8,71921.0,81.9,19089.0,90.2,70384.0,64.4,70352.0,67.9,,,67674.0,71.2,62433.0,71.1,17027.0,80.5,19381.0,27.5,19370.0,28.6,18241.0,29.2,10639.0,33.2,5990.0,35.2,A,4.0,4.0,,4.0,4.0,4.0,Metro,4.0,4.0,,4.0,4.0,4.0,,,,,,,,,109330.0,103609.0,,95093.0,87777.0,21155.0
128,03/09/2022,51003,10,Albemarle County,VA,79.3,80851.0,74.0,80787.0,78.0,77791.0,81.8,71916.0,81.9,19088.0,90.2,70374.0,64.4,70342.0,67.9,,,67665.0,71.2,62426.0,71.1,17026.0,80.5,19371.0,27.5,19360.0,28.6,18231.0,29.2,10634.0,33.2,5990.0,35.2,A,4.0,4.0,,4.0,4.0,4.0,Metro,4.0,4.0,,4.0,4.0,4.0,,,,,,,,,109330.0,103609.0,,95093.0,87777.0,21155.0
129,03/08/2022,51003,10,Albemarle County,VA,79.3,80845.0,73.9,80781.0,78.0,77786.0,81.8,71911.0,81.9,19086.0,90.2,70369.0,64.4,70337.0,67.9,,,67660.0,71.2,62422.0,71.1,17025.0,80.5,19364.0,27.5,19353.0,28.6,18224.0,29.2,10633.0,33.2,5990.0,35.2,A,4.0,4.0,,4.0,4.0,4.0,Metro,4.0,4.0,,4.0,4.0,4.0,,,,,,,,,109330.0,103609.0,,95093.0,87777.0,21155.0
130,03/07/2022,51003,10,Albemarle County,VA,79.3,80839.0,73.9,80775.0,78.0,77783.0,81.8,71908.0,81.9,19086.0,90.2,70364.0,64.4,70333.0,67.9,,,67660.0,71.2,62422.0,71.1,17025.0,80.5,19348.0,27.5,19337.0,28.6,18212.0,29.2,10627.0,33.1,5989.0,35.2,A,4.0,4.0,,4.0,4.0,4.0,Metro,4.0,4.0,,4.0,4.0,4.0,,,,,,,,,109330.0,103609.0,,95093.0,87777.0,21155.0
131,03/06/2022,51003,10,Albemarle County,VA,79.3,80835.0,73.9,80771.0,78.0,77780.0,81.8,71905.0,81.9,19085.0,90.2,70360.0,64.4,70329.0,67.9,,,67658.0,71.1,62420.0,71.1,17025.0,80.5,19335.0,27.5,19324.0,28.6,18205.0,29.2,10623.0,33.1,5987.0,35.2,A,4.0,4.0,,4.0,4.0,4.0,Metro,4.0,4.0,,4.0,4.0,4.0,,,,,,,,,109330.0,103609.0,,95093.0,87777.0,21155.0
132,03/05/2022,51003,9,Albemarle County,VA,79.4,80831.0,73.9,80767.0,78.0,77778.0,81.8,71904.0,81.9,19085.0,90.2,70351.0,64.3,70320.0,67.9,,,67651.0,71.1,62414.0,71.1,17023.0,80.5,19306.0,27.4,19295.0,28.5,18187.0,29.1,10613.0,33.1,5981.0,35.1,A,4.0,4.0,,4.0,4.0,4.0,Metro,4.0,4.0,,4.0,4.0,4.0,,,,,,,,,109330.0,103609.0,,95093.0,87777.0,21155.0
133,03/04/2022,51003,9,Albemarle County,VA,79.4,80816.0,73.9,80752.0,77.9,77767.0,81.8,71896.0,81.9,19081.0,90.2,70345.0,64.3,70314.0,67.9,,,67645.0,71.1,62409.0,71.1,17022.0,80.5,19283.0,27.4,19272.0,28.5,18166.0,29.1,10599.0,33.1,5973.0,35.1,A,4.0,4.0,,4.0,4.0,4.0,Metro,4.0,4.0,,4.0,4.0,4.0,,,,,,,,,109330.0,103609.0,,95093.0,87777.0,21155.0
134,03/03/2022,51003,9,Albemarle County,VA,79.4,80805.0,73.9,80741.0,77.9,77761.0,81.8,71891.0,81.9,19080.0,90.2,70334.0,64.3,70303.0,67.9,,,67637.0,71.1,62402.0,71.1,17020.0,80.5,19253.0,27.4,19242.0,28.4,18141.0,29.1,10586.0,33.0,5967.0,35.1,A,4.0,4.0,,4.0,4.0,4.0,Metro,4.0,4.0,,4.0,4.0,4.0,,,,,,,,,109330.0,103609.0,,95093.0,87777.0,21155.0
135,03/02/2022,51003,9,Albemarle County,VA,79.4,80786.0,73.9,80724.0,77.9,77749.0,81.8,71881.0,81.9,19078.0,90.2,70319.0,64.3,70289.0,67.8,,,67627.0,71.1,62394.0,71.1,17017.0,80.4,19229.0,27.3,19218.0,28.4,18124.0,29.0,10578.0,33.0,5962.0,35.0,A,4.0,4.0,,4.0,4.0,4.0,Metro,4.0,4.0,,4.0,4.0,4.0,,,,,,,,,109330.0,103609.0,,95093.0,87777.0,21155.0
136,03/01/2022,51003,9,Albemarle County,VA,79.4,80777.0,73.9,80715.0,77.9,77743.0,81.8,71875.0,81.9,19077.0,90.2,70306.0,64.3,70276.0,67.8,,,67617.0,71.1,62385.0,71.1,17014.0,80.4,19219.0,27.3,19208.0,28.4,18115.0,29.0,10575.0,33.0,5960.0,35.0,A,4.0,4.0,,4.0,4.0,4.0,Metro,4.0,4.0,,4.0,4.0,4.0,,,,,,,,,109330.0,103609.0,,95093.0,87777.0,21155.0
137,02/28/2022,51003,9,Albemarle County,VA,79.4,80774.0,73.9,80712.0,77.9,77740.0,81.8,71872.0,81.9,19075.0,90.2,70296.0,64.3,70268.0,67.8,,,67613.0,71.1,62383.0,71.1,17013.0,80.4,19201.0,27.3,19190.0,28.4,18103.0,29.0,10570.0,33.0,5956.0,35.0,A,4.0,4.0,,4.0,4.0,4.0,Metro,4.0,4.0,,4.0,4.0,4.0,,,,,,,,,109330.0,103609.0,,95093.0,87777.0,21155.0
138,02/27/2022,51003,9,Albemarle County,VA,79.4,80771.0,73.9,80709.0,77.9,77739.0,81.8,71871.0,81.9,19075.0,90.2,70291.0,64.3,70264.0,67.8,,,67609.0,71.1,62379.0,71.1,17013.0,80.4,19188.0,27.3,19177.0,28.4,18093.0,29.0,10566.0,33.0,5954.0,35.0,A,4.0,4.0,,4.0,4.0,4.0,Metro,4.0,4.0,,4.0,4.0,4.0,,,,,,,,,109330.0,103609.0,,95093.0,87777.0,21155.0
139,02/26/2022,51003,8,Albemarle County,VA,79.4,80757.0,73.9,80695.0,77.9,77731.0,81.7,71864.0,81.9,19074.0,90.2,70285.0,64.3,70258.0,67.8,,,67605.0,71.1,62375.0,71.1,17011.0,80.4,19172.0,27.3,19161.0,28.3,18082.0,29.0,10562.0,33.0,5952.0,35.0,A,4.0,4.0,,4.0,4.0,4.0,Metro,4.0,4.0,,4.0,4.0,4.0,,,,,,,,,109330.0,103609.0,,95093.0,87777.0,21155.0
140,02/25/2022,51003,8,Albemarle County,VA,79.4,80745.0,73.9,80683.0,77.9,77722.0,81.7,71856.0,81.9,19072.0,90.2,70275.0,64.3,70249.0,67.8,,,67598.0,71.1,62370.0,71.1,17009.0,80.4,19143.0,27.2,19132.0,28.3,18058.0,29.0,10550.0,32.9,5948.0,35.0,A,4.0,4.0,,4.0,4.0,4.0,Metro,4.0,4.0,,4.0,4.0,4.0,,,,,,,,,109330.0,103609.0,,95093.0,87777.0,21155.0
141,02/24/2022,51003,8,Albemarle County,VA,79.4,80727.0,73.8,80667.0,77.9,77714.0,81.7,71849.0,81.9,19072.0,90.2,70267.0,64.3,70242.0,67.8,,,67593.0,71.1,62365.0,71.0,17008.0,80.4,19123.0,27.2,19112.0,28.3,18039.0,28.9,10541.0,32.9,5946.0,35.0,A,4.0,4.0,,4.0,4.0,4.0,Metro,4.0,4.0,,4.0,4.0,4.0,,,,,,,,,109330.0,103609.0,,95093.0,87777.0,21155.0
142,02/23/2022,51003,8,Albemarle County,VA,79.5,80708.0,73.8,80648.0,77.8,77703.0,81.7,71841.0,81.8,19071.0,90.1,70248.0,64.3,70223.0,67.8,,,67580.0,71.1,62357.0,71.0,17005.0,80.4,19113.0,27.2,19102.0,28.3,18032.0,28.9,10537.0,32.9,5942.0,34.9,A,4.0,4.0,,4.0,4.0,4.0,Metro,4.0,4.0,,4.0,4.0,4.0,,,,,,,,,109330.0,103609.0,,95093.0,87777.0,21155.0
143,02/22/2022,51003,8,Albemarle County,VA,79.5,80703.0,73.8,80643.0,77.8,77699.0,81.7,71839.0,81.8,19071.0,90.1,70236.0,64.2,70212.0,67.8,,,67572.0,71.1,62351.0,71.0,17004.0,80.4,19098.0,27.2,19087.0,28.2,18020.0,28.9,10528.0,32.9,5938.0,34.9,A,4.0,4.0,,4.0,4.0,4.0,Metro,4.0,4.0,,4.0,4.0,4.0,,,,,,,,,109330.0,103609.0,,95093.0,87777.0,21155.0
144,02/21/2022,51003,8,Albemarle County,VA,79.5,80698.0,73.8,80638.0,77.8,77697.0,81.7,71838.0,81.8,19071.0,90.1,70229.0,64.2,70205.0,67.8,,,67570.0,71.1,62349.0,71.0,17004.0,80.4,19088.0,27.2,19078.0,28.2,18014.0,28.9,10526.0,32.9,5936.0,34.9,A,4.0,4.0,,4.0,4.0,4.0,Metro,4.0,4.0,,4.0,4.0,4.0,,,,,,,,,109330.0,103609.0,,95093.0,87777.0,21155.0
145,02/20/2022,51003,8,Albemarle County,VA,79.5,80690.0,73.8,80631.0,77.8,77690.0,81.7,71832.0,81.8,19071.0,90.1,70219.0,64.2,70196.0,67.8,,,67565.0,71.1,62346.0,71.0,17004.0,80.4,19070.0,27.2,19060.0,28.2,18005.0,28.9,10522.0,32.8,5934.0,34.9,A,4.0,4.0,,4.0,4.0,4.0,Metro,4.0,4.0,,4.0,4.0,4.0,,,,,,,,,109330.0,103609.0,,95093.0,87777.0,21155.0
146,02/19/2022,51003,7,Albemarle County,VA,79.5,80676.0,73.8,80618.0,77.8,77682.0,81.7,71826.0,81.8,19069.0,90.1,70207.0,64.2,70184.0,67.7,,,67555.0,71.0,62336.0,71.0,17003.0,80.4,19046.0,27.1,19036.0,28.2,17992.0,28.9,10516.0,32.8,5931.0,34.9,A,4.0,4.0,,4.0,4.0,4.0,Metro,4.0,4.0,,4.0,4.0,4.0,,,,,,,,,109330.0,103609.0,,95093.0,87777.0,21155.0
147,02/18/2022,51003,7,Albemarle County,VA,79.5,80663.0,73.8,80605.0,77.8,77672.0,81.7,71819.0,81.8,19066.0,90.1,70197.0,64.2,70174.0,67.7,,,67547.0,71.0,62329.0,71.0,17002.0,80.4,19026.0,27.1,19017.0,28.2,17973.0,28.8,10503.0,32.8,5922.0,34.8,A,4.0,4.0,,4.0,4.0,4.0,Metro,4.0,4.0,,4.0,4.0,4.0,,,,,,,,,109330.0,103609.0,,95093.0,87777.0,21155.0
148,02/17/2022,51003,7,Albemarle County,VA,79.5,80644.0,73.8,80589.0,77.8,77658.0,81.7,71806.0,81.8,19062.0,90.1,70171.0,64.2,70149.0,67.7,,,67536.0,71.0,62318.0,71.0,17000.0,80.4,19009.0,27.1,19000.0,28.1,17958.0,28.8,10494.0,32.8,5917.0,34.8,A,4.0,4.0,,4.0,4.0,4.0,Metro,4.0,4.0,,4.0,4.0,4.0,,,,,,,,,109330.0,103609.0,,95093.0,87777.0,21155.0
149,02/16/2022,51003,7,Albemarle County,VA,79.4,80563.0,73.7,80509.0,77.7,77582.0,81.6,71731.0,81.7,19058.0,90.1,70072.0,64.1,70050.0,67.6,,,67444.0,70.9,62227.0,70.9,16992.0,80.3,18990.0,27.1,18982.0,28.1,17943.0,28.8,10487.0,32.8,5913.0,34.8,A,4.0,4.0,,4.0,4.0,4.0,Metro,4.0,4.0,,4.0,4.0,4.0,,,,,,,,,109330.0,103609.0,,95093.0,87777.0,21155.0
150,02/15/2022,51003,7,Albemarle County,VA,79.4,80557.0,73.7,80503.0,77.7,77577.0,81.6,71728.0,81.7,19058.0,90.1,70059.0,64.1,70039.0,67.6,,,67436.0,70.9,62219.0,70.9,16991.0,80.3,18975.0,27.1,18967.0,28.1,17931.0,28.8,10480.0,32.8,5908.0,34.8,A,4.0,4.0,,4.0,4.0,4.0,Metro,4.0,4.0,,4.0,4.0,4.0,,,,,,,,,109330.0,103609.0,,95093.0,87777.0,21155.0
151,02/14/2022,51003,7,Albemarle County,VA,79.4,80550.0,73.7,80497.0,77.7,77575.0,81.6,71726.0,81.7,19058.0,90.1,70054.0,64.1,70035.0,67.6,,,67433.0,70.9,62217.0,70.9,16990.0,80.3,18963.0,27.1,18955.0,28.1,17924.0,28.8,10477.0,32.8,5907.0,34.8,A,4.0,4.0,,4.0,4.0,4.0,Metro,4.0,4.0,,4.0,4.0,4.0,,,,,,,,,109330.0,103609.0,,95093.0,87777.0,21155.0
152,02/13/2022,51003,7,Albemarle County,VA,79.5,80541.0,73.7,80488.0,77.7,77567.0,81.6,71718.0,81.7,19058.0,90.1,70044.0,64.1,70025.0,67.6,,,67428.0,70.9,62212.0,70.9,16988.0,80.3,18949.0,27.1,18941.0,28.1,17914.0,28.8,10471.0,32.7,5904.0,34.8,A,4.0,4.0,,4.0,4.0,4.0,Metro,4.0,4.0,,4.0,4.0,4.0,,,,,,,,,109330.0,103609.0,,95093.0,87777.0,21155.0
153,02/12/2022,51003,6,Albemarle County,VA,79.5,80523.0,73.7,80470.0,77.7,77552.0,81.6,71706.0,81.7,19058.0,90.1,70023.0,64.0,70006.0,67.6,,,67416.0,70.9,62200.0,70.9,16984.0,80.3,18897.0,27.0,18889.0,28.0,17869.0,28.7,10444.0,32.7,5892.0,34.7,A,4.0,4.0,,4.0,4.0,4.0,Metro,4.0,4.0,,4.0,4.0,4.0,,,,,,,,,109330.0,103609.0,,95093.0,87777.0,21155.0
154,02/11/2022,51003,6,Albemarle County,VA,79.5,80500.0,73.6,80447.0,77.6,77534.0,81.5,71689.0,81.7,19056.0,90.1,69993.0,64.0,69976.0,67.5,,,67394.0,70.9,62179.0,70.8,16978.0,80.3,18844.0,26.9,18836.0,27.9,17826.0,28.7,10426.0,32.6,5881.0,34.6,A,4.0,4.0,,4.0,4.0,4.0,Metro,4.0,4.0,,4.0,4.0,4.0,,,,,,,,,109330.0,103609.0,,95093.0,87777.0,21155.0
155,02/10/2022,51003,6,Albemarle County,VA,79.5,80486.0,73.6,80433.0,77.6,77527.0,81.5,71683.0,81.7,19055.0,90.1,69977.0,64.0,69960.0,67.5,,,67383.0,70.9,62169.0,70.8,16977.0,80.3,18834.0,26.9,18826.0,27.9,17818.0,28.7,10422.0,32.6,5881.0,34.6,A,4.0,4.0,,4.0,4.0,4.0,Metro,4.0,4.0,,4.0,4.0,4.0,,,,,,,,,109330.0,103609.0,,95093.0,87777.0,21155.0
156,02/09/2022,51003,6,Albemarle County,VA,79.7,80423.0,73.6,80373.0,77.6,77474.0,81.5,71637.0,81.6,19052.0,90.1,69924.0,64.0,69907.0,67.5,,,67342.0,70.8,62137.0,70.8,16976.0,80.2,18596.0,26.6,18588.0,27.6,17645.0,28.4,10366.0,32.4,5864.0,34.5,A,4.0,4.0,,4.0,4.0,4.0,Metro,4.0,4.0,,4.0,4.0,4.0,,,,,,,,,109330.0,103609.0,,95093.0,87777.0,21155.0
157,02/08/2022,51003,6,Albemarle County,VA,79.7,80405.0,73.5,80355.0,77.6,77459.0,81.5,71621.0,81.6,19050.0,90.0,69906.0,63.9,69889.0,67.5,,,67331.0,70.8,62128.0,70.8,16976.0,80.2,18561.0,26.6,18553.0,27.6,17614.0,28.4,10356.0,32.4,5859.0,34.5,A,4.0,4.0,,4.0,4.0,4.0,Metro,4.0,4.0,,4.0,4.0,4.0,,,,,,,,,109330.0,103609.0,,95093.0,87777.0,21155.0
158,02/07/2022,51003,6,Albemarle County,VA,79.7,80400.0,73.5,80350.0,77.6,77457.0,81.5,71619.0,81.6,19051.0,90.1,69899.0,63.9,69883.0,67.4,,,67331.0,70.8,62129.0,70.8,16977.0,80.3,18549.0,26.5,18541.0,27.5,17610.0,28.3,10355.0,32.4,5859.0,34.5,A,4.0,4.0,,4.0,4.0,4.0,Metro,4.0,4.0,,4.0,4.0,4.0,,,,,,,,,109330.0,103609.0,,95093.0,87777.0,21155.0
159,02/06/2022,51003,6,Albemarle County,VA,79.7,80395.0,73.5,80346.0,77.5,77453.0,81.4,71615.0,81.6,19049.0,90.0,69896.0,63.9,69880.0,67.4,,,67330.0,70.8,62128.0,70.8,16977.0,80.3,18535.0,26.5,18527.0,27.5,17598.0,28.3,10350.0,32.4,5858.0,34.5,A,4.0,4.0,,4.0,4.0,4.0,Metro,4.0,4.0,,4.0,4.0,4.0,,,,,,,,,109330.0,103609.0,,95093.0,87777.0,21155.0
160,02/05/2022,51003,5,Albemarle County,VA,79.7,80373.0,73.5,80325.0,77.5,77435.0,81.4,71598.0,81.6,19049.0,90.0,69879.0,63.9,69863.0,67.4,,,67315.0,70.8,62116.0,70.8,16974.0,80.2,18505.0,26.5,18497.0,27.5,17573.0,28.3,10336.0,32.3,5852.0,34.5,A,4.0,4.0,,4.0,4.0,4.0,Metro,4.0,4.0,,4.0,4.0,4.0,,,,,,,,,109330.0,103609.0,,95093.0,87777.0,21155.0
161,02/04/2022,51003,5,Albemarle County,VA,79.8,80347.0,73.5,80301.0,77.5,77417.0,81.4,71583.0,81.6,19047.0,90.0,69863.0,63.9,69849.0,67.4,,,67311.0,70.8,62112.0,70.8,16974.0,80.2,18473.0,26.4,18465.0,27.4,17545.0,28.2,10315.0,32.3,5842.0,34.4,A,4.0,4.0,,4.0,4.0,4.0,Metro,4.0,4.0,,4.0,4.0,4.0,,,,,,,,,109330.0,103609.0,,95093.0,87777.0,21155.0
162,02/03/2022,51003,5,Albemarle County,VA,79.8,80324.0,73.5,80279.0,77.5,77403.0,81.4,71574.0,81.5,19046.0,90.0,69854.0,63.9,69841.0,67.4,,,67309.0,70.8,62110.0,70.8,16974.0,80.2,18440.0,26.4,18433.0,27.4,17515.0,28.2,10298.0,32.2,5831.0,34.4,A,4.0,4.0,,4.0,4.0,4.0,Metro,4.0,4.0,,4.0,4.0,4.0,,,,,,,,,109330.0,103609.0,,95093.0,87777.0,21155.0
163,02/02/2022,51003,5,Albemarle County,VA,79.8,80302.0,73.4,80257.0,77.5,77385.0,81.4,71559.0,81.5,19045.0,90.0,69832.0,63.9,69819.0,67.4,,,67291.0,70.8,62092.0,70.7,16972.0,80.2,18400.0,26.3,18393.0,27.3,17483.0,28.2,10286.0,32.2,5825.0,34.3,A,4.0,4.0,,4.0,4.0,4.0,Metro,4.0,4.0,,4.0,4.0,4.0,,,,,,,,,109330.0,103609.0,,95093.0,87777.0,21155.0
164,02/01/2022,51003,5,Albemarle County,VA,79.8,80280.0,73.4,80236.0,77.4,77367.0,81.4,71544.0,81.5,19043.0,90.0,69819.0,63.9,69807.0,67.4,,,67282.0,70.8,62084.0,70.7,16971.0,80.2,18369.0,26.3,18362.0,27.3,17453.0,28.1,10272.0,32.2,5819.0,34.3,A,4.0,4.0,,4.0,4.0,4.0,Metro,4.0,4.0,,4.0,4.0,4.0,,,,,,,,,109330.0,103609.0,,95093.0,87777.0,21155.0
165,01/31/2022,51003,5,Albemarle County,VA,79.8,80270.0,73.4,80226.0,77.4,77359.0,81.4,71536.0,81.5,19043.0,90.0,69808.0,63.9,69796.0,67.4,,,67277.0,70.7,62081.0,70.7,16971.0,80.2,18351.0,26.3,18344.0,27.3,17439.0,28.1,10268.0,32.1,5817.0,34.3,A,4.0,4.0,,4.0,4.0,4.0,Metro,4.0,4.0,,4.0,4.0,4.0,,,,,,,,,109330.0,103609.0,,95093.0,87777.0,21155.0
166,01/30/2022,51003,5,Albemarle County,VA,79.8,80259.0,73.4,80215.0,77.4,77350.0,81.3,71528.0,81.5,19043.0,90.0,69795.0,63.8,69783.0,67.4,,,67269.0,70.7,62074.0,70.7,16969.0,80.2,18320.0,26.2,18313.0,27.2,17412.0,28.1,10258.0,32.1,5816.0,34.3,A,4.0,4.0,,4.0,4.0,4.0,Metro,4.0,4.0,,4.0,4.0,4.0,,,,,,,,,109330.0,103609.0,,95093.0,87777.0,21155.0
167,01/29/2022,51003,4,Albemarle County,VA,79.9,80233.0,73.4,80189.0,77.4,77329.0,81.3,71509.0,81.5,19038.0,90.0,69771.0,63.8,69759.0,67.3,,,67257.0,70.7,62063.0,70.7,16965.0,80.2,18236.0,26.1,18229.0,27.1,17340.0,27.9,10215.0,32.0,5795.0,34.2,A,4.0,4.0,,4.0,4.0,4.0,Metro,4.0,4.0,,4.0,4.0,4.0,,,,,,,,,109330.0,103609.0,,95093.0,87777.0,21155.0
168,01/28/2022,51003,4,Albemarle County,VA,79.9,80227.0,73.4,80183.0,77.4,77323.0,81.3,71504.0,81.5,19036.0,90.0,69771.0,63.8,69759.0,67.3,,,67257.0,70.7,62063.0,70.7,16965.0,80.2,18232.0,26.1,18225.0,27.1,17336.0,27.9,10213.0,32.0,5793.0,34.1,A,4.0,4.0,,4.0,4.0,4.0,Metro,4.0,4.0,,4.0,4.0,4.0,,,,,,,,,109330.0,103609.0,,95093.0,87777.0,21155.0
169,01/27/2022,51003,4,Albemarle County,VA,79.9,80199.0,73.4,80155.0,77.4,77304.0,81.3,71489.0,81.4,19036.0,90.0,69753.0,63.8,69742.0,67.3,,,67247.0,70.7,62055.0,70.7,16964.0,80.2,18190.0,26.1,18183.0,27.0,17304.0,27.9,10198.0,31.9,5782.0,34.1,A,4.0,4.0,,4.0,4.0,4.0,Metro,4.0,4.0,,4.0,4.0,4.0,,,,,,,,,109330.0,103609.0,,95093.0,87777.0,21155.0
170,01/26/2022,51003,4,Albemarle County,VA,79.9,80175.0,73.3,80132.0,77.3,77293.0,81.3,71480.0,81.4,19036.0,90.0,69736.0,63.8,69725.0,67.3,,,67233.0,70.7,62044.0,70.7,16960.0,80.2,18116.0,26.0,,,17255.0,27.8,10179.0,31.9,5770.0,34.0,A,4.0,4.0,,4.0,4.0,4.0,Metro,4.0,4.0,,4.0,4.0,4.0,,,,,,,,,109330.0,103609.0,,95093.0,87777.0,21155.0
171,01/25/2022,51003,4,Albemarle County,VA,79.9,80155.0,73.3,80113.0,77.3,77277.0,81.3,71468.0,81.4,19035.0,90.0,69731.0,63.8,69720.0,67.3,,,67228.0,70.7,62040.0,70.7,16960.0,80.2,18103.0,26.0,,,17245.0,27.8,10174.0,31.9,5767.0,34.0,A,4.0,4.0,,4.0,4.0,4.0,Metro,4.0,4.0,,4.0,4.0,4.0,,,,,,,,,109330.0,103609.0,,95093.0,87777.0,21155.0
172,01/24/2022,51003,4,Albemarle County,VA,79.9,80134.0,73.3,80092.0,77.3,77258.0,81.2,71452.0,81.4,19034.0,90.0,69721.0,63.8,69710.0,67.3,,,67224.0,70.7,62036.0,70.7,16959.0,80.2,18059.0,25.9,,,17217.0,27.8,10165.0,31.8,5767.0,34.0,A,4.0,4.0,,4.0,4.0,4.0,Metro,4.0,4.0,,4.0,4.0,4.0,,,,,,,,,109330.0,103609.0,,95093.0,87777.0,21155.0
173,01/23/2022,51003,4,Albemarle County,VA,79.9,80117.0,73.3,80076.0,77.3,77247.0,81.2,71442.0,81.4,19033.0,90.0,69714.0,63.8,69703.0,67.3,,,67218.0,70.7,62031.0,70.7,16958.0,80.2,18013.0,25.8,,,17183.0,27.7,10156.0,31.8,5762.0,34.0,A,4.0,4.0,,4.0,4.0,4.0,Metro,4.0,4.0,,4.0,4.0,4.0,,,,,,,,,109330.0,103609.0,,95093.0,87777.0,21155.0
174,01/22/2022,51003,3,Albemarle County,VA,79.9,80086.0,73.3,80045.0,77.3,77220.0,81.2,71419.0,81.4,19029.0,90.0,69697.0,63.7,69686.0,67.3,,,67206.0,70.7,62021.0,70.7,16956.0,80.2,17957.0,25.8,,,17132.0,27.6,10133.0,31.7,5752.0,33.9,A,4.0,4.0,,4.0,4.0,4.0,Metro,4.0,4.0,,4.0,4.0,4.0,,,,,,,,,109330.0,103609.0,,95093.0,87777.0,21155.0
175,01/21/2022,51003,3,Albemarle County,VA,79.9,80051.0,73.2,80011.0,77.2,77195.0,81.2,71396.0,81.3,19026.0,89.9,69670.0,63.7,69659.0,67.2,,,67193.0,70.7,62009.0,70.6,16955.0,80.1,17897.0,25.7,,,17084.0,27.6,10109.0,31.7,5741.0,33.9,A,4.0,4.0,,4.0,4.0,4.0,Metro,4.0,4.0,,4.0,4.0,4.0,,,,,,,,,109330.0,103609.0,,95093.0,87777.0,21155.0
176,01/20/2022,51003,3,Albemarle County,VA,80.0,80016.0,73.2,79976.0,77.2,77171.0,81.2,71377.0,81.3,19019.0,89.9,69654.0,63.7,69643.0,67.2,,,67185.0,70.7,62003.0,70.6,16954.0,80.1,17848.0,25.6,,,17047.0,27.5,10098.0,31.6,5737.0,33.8,A,4.0,4.0,,4.0,4.0,4.0,Metro,4.0,4.0,,4.0,4.0,4.0,,,,,,,,,109330.0,103609.0,,95093.0,87777.0,21155.0
177,01/19/2022,51003,3,Albemarle County,VA,80.0,79988.0,73.2,79949.0,77.2,77150.0,81.1,71358.0,81.3,19016.0,89.9,69641.0,63.7,69630.0,67.2,,,67175.0,70.6,61994.0,70.6,16952.0,80.1,17808.0,25.6,,,17014.0,27.4,10087.0,31.6,5733.0,33.8,A,4.0,4.0,,4.0,4.0,4.0,Metro,4.0,4.0,,4.0,4.0,4.0,,,,,,,,,109330.0,103609.0,,95093.0,87777.0,21155.0
178,01/18/2022,51003,3,Albemarle County,VA,80.3,78682.0,72.0,78643.0,75.9,75854.0,79.8,70130.0,79.9,18908.0,89.4,68872.0,63.0,68861.0,66.5,,,66413.0,69.8,61273.0,69.8,16930.0,80.0,17794.0,25.8,,,17000.0,27.7,10080.0,31.7,5731.0,33.9,A,4.0,4.0,,4.0,4.0,4.0,Metro,4.0,4.0,,4.0,4.0,4.0,,,,,,,,,109330.0,103609.0,,95093.0,87777.0,21155.0
179,01/17/2022,51003,3,Albemarle County,VA,80.3,78656.0,71.9,78618.0,75.9,75836.0,79.7,70116.0,79.9,18906.0,89.4,68857.0,63.0,68846.0,66.4,,,66405.0,69.8,61266.0,69.8,16930.0,80.0,17687.0,25.7,,,16940.0,27.6,10066.0,31.7,5726.0,33.8,A,4.0,4.0,,4.0,4.0,4.0,Metro,4.0,4.0,,4.0,4.0,4.0,,,,,,,,,109330.0,103609.0,,95093.0,87777.0,21155.0
180,01/16/2022,51003,2,Albemarle County,VA,80.3,78618.0,71.9,78580.0,75.8,75799.0,79.7,70082.0,79.8,18901.0,89.3,68844.0,63.0,68833.0,66.4,,,66396.0,69.8,61257.0,69.8,16929.0,80.0,17561.0,25.5,,,16849.0,27.5,10035.0,31.6,5716.0,33.8,A,4.0,4.0,,4.0,4.0,4.0,Metro,4.0,4.0,,4.0,4.0,4.0,,,,,,,,,109330.0,103609.0,,95093.0,87777.0,21155.0
181,01/15/2022,51003,2,Albemarle County,VA,80.3,78583.0,71.9,78545.0,75.8,75766.0,79.7,70051.0,79.8,18897.0,89.3,68830.0,63.0,68819.0,66.4,,,66384.0,69.8,61246.0,69.8,16928.0,80.0,17450.0,25.4,,,16757.0,27.4,9995.0,31.5,5703.0,33.7,A,4.0,4.0,,4.0,4.0,4.0,Metro,4.0,4.0,,4.0,4.0,4.0,,,,,,,,,109330.0,103609.0,,95093.0,87777.0,21155.0
182,01/14/2022,51003,2,Albemarle County,VA,80.3,78538.0,71.8,78503.0,75.8,75738.0,79.6,70024.0,79.8,18894.0,89.3,68802.0,62.9,68791.0,66.4,,,66369.0,69.8,61231.0,69.8,16928.0,80.0,17308.0,25.2,,,16635.0,27.2,9949.0,31.3,5684.0,33.6,A,4.0,4.0,,4.0,4.0,4.0,Metro,4.0,4.0,,4.0,4.0,4.0,,,,,,,,,109330.0,103609.0,,95093.0,87777.0,21155.0
183,01/13/2022,51003,2,Albemarle County,VA,80.4,78489.0,71.8,78455.0,75.7,75698.0,79.6,69985.0,79.7,18893.0,89.3,68773.0,62.9,68762.0,66.4,,,66351.0,69.8,61215.0,69.7,16924.0,80.0,17165.0,25.0,,,16523.0,27.0,9923.0,31.3,5672.0,33.5,A,4.0,4.0,,4.0,4.0,4.0,Metro,4.0,4.0,,4.0,4.0,4.0,,,,,,,,,109330.0,103609.0,,95093.0,87777.0,21155.0
184,01/12/2022,51003,2,Albemarle County,VA,80.4,78455.0,71.8,78422.0,75.7,75670.0,79.6,69960.0,79.7,18891.0,89.3,68737.0,62.9,68726.0,66.3,,,66328.0,69.8,61198.0,69.7,16922.0,80.0,17000.0,24.7,,,16386.0,26.8,9875.0,31.1,5658.0,33.4,A,4.0,4.0,,4.0,4.0,4.0,Metro,4.0,4.0,,4.0,4.0,4.0,,,,,,,,,109330.0,103609.0,,95093.0,87777.0,21155.0
185,01/11/2022,51003,2,Albemarle County,VA,80.4,78421.0,71.7,78388.0,75.7,75644.0,79.5,69937.0,79.7,18888.0,89.3,68719.0,62.9,68708.0,66.3,,,66315.0,69.7,61186.0,69.7,16920.0,80.0,16870.0,24.5,,,16283.0,26.6,9836.0,31.0,5647.0,33.4,A,4.0,4.0,,4.0,4.0,4.0,Metro,4.0,4.0,,4.0,4.0,4.0,,,,,,,,,109330.0,103609.0,,95093.0,87777.0,21155.0
186,01/10/2022,51003,2,Albemarle County,VA,80.4,78370.0,71.7,78337.0,75.6,75602.0,79.5,69901.0,79.6,18886.0,89.3,68683.0,62.8,68672.0,66.3,,,66299.0,69.7,61173.0,69.7,16919.0,80.0,16582.0,24.1,,,16137.0,26.4,9801.0,30.9,5646.0,33.4,A,4.0,4.0,,4.0,4.0,4.0,Metro,4.0,4.0,,4.0,4.0,4.0,,,,,,,,,109330.0,103609.0,,95093.0,87777.0,
187,01/09/2022,51003,1,Albemarle County,VA,80.5,78357.0,71.7,78324.0,75.6,75591.0,79.5,69890.0,79.6,18885.0,89.3,68676.0,62.8,68665.0,66.3,,,66293.0,69.7,61168.0,69.7,16919.0,80.0,16503.0,24.0,,,16077.0,26.3,9771.0,30.8,5635.0,33.3,A,4.0,4.0,,4.0,4.0,4.0,Metro,4.0,4.0,,4.0,4.0,4.0,,,,,,,,,109330.0,103609.0,,95093.0,87777.0,
188,01/08/2022,51003,1,Albemarle County,VA,80.5,78324.0,71.6,78292.0,75.6,75563.0,79.5,69864.0,79.6,18883.0,89.3,68661.0,62.8,68650.0,66.3,,,66285.0,69.7,61161.0,69.7,16918.0,80.0,16314.0,23.8,,,15980.0,26.1,9738.0,30.7,5626.0,33.3,A,4.0,4.0,,4.0,4.0,4.0,Metro,4.0,4.0,,4.0,4.0,4.0,,,,,,,,,109330.0,103609.0,,95093.0,87777.0,
189,01/07/2022,51003,1,Albemarle County,VA,80.5,78292.0,71.6,78260.0,75.5,75537.0,79.4,69841.0,79.6,18881.0,89.3,68612.0,62.8,68601.0,66.2,,,66263.0,69.7,61140.0,69.7,16914.0,80.0,16197.0,23.6,,,15876.0,26.0,9695.0,30.6,5608.0,33.2,A,4.0,4.0,,4.0,4.0,4.0,Metro,4.0,4.0,,4.0,4.0,4.0,,,,,,,,,109330.0,103609.0,,95093.0,87777.0,
190,01/06/2022,51003,1,Albemarle County,VA,80.5,78267.0,71.6,78236.0,75.5,75513.0,79.4,69818.0,79.5,18879.0,89.2,68592.0,62.7,68581.0,66.2,,,66256.0,69.7,61134.0,69.6,16914.0,80.0,16158.0,23.6,,,15839.0,25.9,9681.0,30.5,5598.0,33.1,A,4.0,4.0,,4.0,4.0,4.0,Metro,4.0,4.0,,4.0,4.0,4.0,,,,,,,,,109330.0,103609.0,,95093.0,87777.0,
191,01/05/2022,51003,1,Albemarle County,VA,80.5,78245.0,71.6,78214.0,75.5,75496.0,79.4,69803.0,79.5,18878.0,89.2,68588.0,62.7,68577.0,66.2,,,66253.0,69.7,61131.0,69.6,16913.0,79.9,16127.0,23.5,,,15812.0,25.9,9671.0,30.5,5593.0,33.1,A,4.0,4.0,,4.0,4.0,4.0,Metro,4.0,4.0,,4.0,4.0,4.0,,,,,,,,,109330.0,103609.0,,95093.0,87777.0,21155.0
192,01/04/2022,51003,1,Albemarle County,VA,80.6,78228.0,71.6,78197.0,75.5,75481.0,79.4,69789.0,79.5,18878.0,89.2,68585.0,62.7,68574.0,66.2,,,66250.0,69.7,61129.0,69.6,16913.0,79.9,16079.0,23.4,,,15767.0,25.8,9655.0,30.4,5592.0,33.1,A,4.0,4.0,,4.0,4.0,4.0,Metro,4.0,4.0,,4.0,4.0,4.0,,,,,,,,,109330.0,103609.0,,95093.0,87777.0,21155.0
193,01/03/2022,51003,1,Albemarle County,VA,80.6,78215.0,71.5,78184.0,75.5,75469.0,79.4,69778.0,79.5,18878.0,89.2,68580.0,62.7,68569.0,66.2,,,66247.0,69.7,61126.0,69.6,16913.0,79.9,16044.0,23.4,,,15734.0,25.7,9648.0,30.4,5590.0,33.1,A,4.0,4.0,,4.0,4.0,4.0,Metro,4.0,4.0,,4.0,4.0,4.0,,,,,,,,,109330.0,103609.0,,95093.0,87777.0,21155.0
194,01/02/2022,51003,0,Albemarle County,VA,80.6,78154.0,71.5,78123.0,75.4,75421.0,79.3,69734.0,79.4,18874.0,89.2,68551.0,62.7,68540.0,66.2,,,66228.0,69.6,61110.0,69.6,16911.0,79.9,15895.0,23.2,,,15596.0,25.5,9601.0,30.3,5576.0,33.0,A,4.0,4.0,,4.0,4.0,4.0,Metro,4.0,4.0,,4.0,4.0,4.0,,,,,,,,,109330.0,103609.0,,95093.0,87777.0,21155.0
195,01/01/2022,51003,0,Albemarle County,VA,80.6,78154.0,71.5,78123.0,75.4,75421.0,79.3,69734.0,79.4,18874.0,89.2,68551.0,62.7,68540.0,66.2,,,66228.0,69.6,61110.0,69.6,16911.0,79.9,15895.0,23.2,,,15596.0,25.5,9601.0,30.3,5576.0,33.0,A,4.0,4.0,,4.0,4.0,4.0,Metro,4.0,4.0,,4.0,4.0,4.0,,,,,,,,,109330.0,103609.0,,95093.0,87777.0,21155.0
