,Higher education [x],Vaccination [y]
0,35.2,67.5
1,12.9,45.0
2,10.9,95.0
3,15.1,36.7
4,22.5,50.0
5,14.2,44.3
6,12.9,45.7
7,15.1,55.2
8,15.2,43.4
9,18.4,39.6
10,25.8,46.8
11,18.0,52.6
12,18.8,53.2
13,13.6,39.9
14,38.8,72.5
15,31.1,44.0
16,26.6,33.1
17,14.5,49.9
18,17.6,76.2
19,31.9,51.3
20,15.1,33.9
21,24.0,45.5
22,26.0,56.8
23,25.8,57.3
24,10.2,47.3
25,37.6,64.4
26,19.9,59.1
27,18.9,48.6
28,12.3,46.8
29,25.6,66.8
30,16.6,73.8
31,15.2,61.5
32,28.6,55.4
33,23.2,59.9
34,14.4,31.7
35,23.2,86.1
36,34.7,64.8
37,36.1,69.4
38,46.8,62.7
39,58.6,73.9
40,16.0,41.2
41,25.2,41.4
42,25.7,54.9
43,59.4,71.8
44,21.2,49.3
45,15.1,50.5
46,16.9,50.1
47,11.9,32.2
48,19.7,53.6
49,14.7,51.4
50,27.6,60.8
51,19.1,39.8
52,15.5,42.2
53,19.1,41.6
54,25.6,40.4
55,24.1,40.7
56,17.7,45.6
57,31.4,55.1
58,35.5,64.4
59,24.0,81.9
60,16.5,75.8
61,16.0,57.2
62,14.9,40.1
63,12.5,46.5
64,49.3,76.1
65,28.2,53.9
66,16.5,51.8
67,22.6,53.4
68,21.8,46.4
69,18.5,40.1
70,37.5,64.7
71,13.1,54.5
72,15.0,36.3
73,15.6,45.3
74,19.3,53.6
75,18.0,37.3
76,21.4,63.9
77,33.3,22.6
78,32.1,82.7
79,15.4,39.9
80,40.8,59.5
81,16.7,49.2
82,30.1,67.1
83,25.8,74.5
84,37.4,80.5
85,22.7,54.0
86,32.3,60.6
87,15.6,50.6
88,35.8,75.8
89,24.4,50.3
90,15.3,44.2
91,15.9,37.9
92,16.9,62.5
93,27.1,68.6
94,23.0,42.3
95,14.0,41.2
96,20.6,57.7
97,20.3,56.2
98,12.8,31.5
99,22.1,57.5
100,13.4,38.1
101,60.8,81.3
102,26.2,67.0
103,14.4,36.3
104,14.9,53.4
105,13.8,46.3
106,11.1,54.4
107,32.1,59.1
108,16.0,36.7
109,38.3,69.2
110,23.1,53.5
111,16.5,53.3
112,20.4,39.9
113,35.9,76.2
114,19.1,61.4
115,15.2,44.1
116,15.0,40.6
117,19.7,49.6
118,13.7,72.1
119,18.6,40.7
120,25.4,58.3
121,27.8,59.4
122,25.6,63.9
123,23.2,37.2
124,7.0,29.4
125,17.3,46.2
126,13.9,43.3
127,25.1,50.7
128,22.3,52.8
129,37.2,59.4
130,23.8,55.0
131,31.7,59.1
132,20.9,42.5
133,38.9,63.6
134,18.1,51.7
135,20.8,57.5
136,15.4,43.9
137,27.7,66.4
138,52.4,83.3
139,11.0,56.9
140,22.7,42.8
141,27.5,46.5
142,23.1,45.5
143,16.8,54.5
144,40.4,65.2
145,26.9,43.8
146,16.3,37.9
147,24.2,49.6
148,10.4,22.2
149,28.3,44.5
150,16.7,46.6
151,15.0,45.3
152,10.5,39.2
153,53.1,80.0
154,18.9,63.1
155,13.1,37.1
156,24.5,53.6
157,14.0,41.1
158,25.4,50.9
159,45.2,80.8
160,21.2,41.0
161,30.3,65.5
162,26.2,85.3
163,13.7,46.5
164,25.3,46.3
165,23.0,44.6
166,19.3,76.1
167,31.4,57.1
168,20.4,48.5
169,21.6,39.7
170,22.4,45.7
171,21.8,42.5
172,11.7,54.1
173,14.3,38.1
174,22.7,47.7
175,30.2,56.9
176,32.0,66.9
177,16.6,18.0
178,34.3,62.5
179,20.2,40.3
180,18.3,42.3
181,39.7,57.9
182,18.9,56.0
183,23.9,44.4
184,31.9,53.8
185,21.2,45.4
186,12.6,41.2
187,40.9,70.0
188,15.6,46.3
189,15.9,34.1
190,24.0,63.4
191,10.8,41.9
192,18.4,46.8
193,11.2,36.5
194,33.4,62.2
195,24.6,46.6
196,23.1,54.2
197,13.6,32.7
198,8.6,41.3
199,18.5,53.2
200,14.6,48.7
201,26.4,45.0
202,20.2,67.9
203,15.9,39.2
204,47.7,73.9
205,18.4,47.7
206,11.8,42.3
207,19.2,59.7
208,44.6,64.1
209,14.0,47.2
210,15.9,39.5
211,26.0,44.8
212,23.8,63.2
213,16.8,43.0
214,22.7,45.8
215,9.4,42.8
216,15.8,46.5
217,21.6,79.5
218,28.6,48.7
219,24.1,57.4
220,12.9,45.4
221,11.5,35.8
222,19.6,78.0
223,43.0,57.4
224,16.8,52.1
225,21.2,40.8
226,15.2,51.5
227,13.0,40.2
228,14.5,62.6
229,33.8,42.1
230,14.0,33.2
231,12.5,39.1
232,16.4,49.1
233,36.9,70.3
234,3.4,40.6
235,18.2,44.0
236,22.9,55.5
237,11.9,39.1
238,16.9,61.7
239,32.6,49.1
240,21.3,46.8
241,42.6,70.1
242,14.5,57.5
243,29.0,58.3
244,18.7,48.9
245,61.2,83.7
246,8.7,39.0
247,21.7,71.9
248,28.5,62.4
249,20.1,54.2
250,11.3,40.0
251,25.2,52.2
252,18.6,45.1
253,18.7,36.8
254,16.5,41.0
255,32.6,54.7
256,12.0,42.0
257,56.6,83.8
258,10.6,41.1
259,20.8,46.0
260,15.7,95.0
261,27.6,50.9
262,21.9,39.5
263,20.9,38.9
264,29.9,68.6
265,18.9,54.6
266,26.0,63.8
267,13.5,43.8
268,20.6,47.3
269,9.5,46.0
270,38.6,56.8
271,20.5,47.8
272,9.1,56.1
273,20.5,48.5
274,27.1,59.0
275,19.0,39.4
276,21.4,38.5
277,22.5,45.4
278,15.8,47.3
279,12.9,43.7
280,20.6,62.2
281,15.1,41.2
282,29.5,47.4
283,13.8,38.5
284,33.2,56.3
285,33.5,87.2
286,46.6,57.0
287,24.4,47.9
288,17.0,45.2
289,18.3,57.8
290,14.8,73.3
291,13.5,44.3
292,32.1,57.7
293,15.2,54.6
294,11.6,37.5
295,15.7,43.2
296,18.2,43.7
297,20.0,42.4
298,19.4,22.0
299,14.5,74.6
300,18.3,43.8
301,19.2,58.1
302,7.8,50.9
303,20.1,77.6
304,20.9,95.0
305,18.5,40.7
306,12.9,46.5
307,31.4,68.1
308,26.1,53.7
309,12.4,57.8
310,19.2,59.2
311,11.7,31.9
312,22.7,46.9
313,18.8,41.4
314,14.9,53.1
315,20.2,44.5
316,22.5,57.0
317,19.7,54.4
318,23.9,78.2
319,15.8,39.2
320,25.3,49.7
321,11.1,80.8
322,30.7,68.1
323,36.4,55.9
324,17.0,45.1
325,48.4,58.8
326,44.8,70.5
327,25.5,52.1
328,17.3,44.8
329,20.5,46.8
330,13.8,38.7
331,20.6,54.7
332,50.3,77.5
333,9.6,37.9
334,15.7,40.1
335,19.5,95.0
336,32.6,56.9
337,21.1,48.8
338,11.8,42.1
339,11.6,47.9
340,20.8,57.6
341,19.0,49.3
342,15.4,50.4
343,18.7,56.3
344,18.6,43.6
345,17.4,39.1
346,11.1,71.6
347,14.7,21.5
348,10.7,37.5
349,38.4,50.7
350,31.3,48.4
351,12.8,25.4
352,11.7,33.1
353,20.1,51.7
354,19.9,52.4
355,16.0,44.0
356,36.6,62.9
357,21.8,67.3
358,11.7,39.3
359,27.3,55.0
360,11.0,38.8
361,15.6,41.4
362,14.0,34.2
363,18.2,41.9
364,20.6,53.8
365,18.8,48.1
366,16.2,48.9
367,43.7,64.4
368,33.5,72.7
369,39.2,57.3
370,18.8,38.8
371,21.4,51.2
372,32.5,63.3
373,25.3,46.6
374,17.5,45.3
375,23.3,50.7
376,17.3,43.1
377,13.2,44.3
378,27.2,57.8
379,29.0,33.2
380,12.1,47.5
381,7.7,44.4
382,15.1,39.2
383,15.4,56.3
384,22.5,44.1
385,22.0,69.3
386,15.1,52.0
387,15.9,41.5
388,27.6,79.5
389,19.2,39.9
390,27.2,51.0
391,25.5,76.3
392,10.4,18.2
393,26.6,47.9
394,16.2,42.4
395,21.8,45.0
396,18.6,46.8
397,13.6,46.0
398,17.8,47.2
399,21.0,50.8
400,31.1,61.7
401,34.1,54.2
402,39.4,84.7
403,17.8,48.3
404,23.2,55.4
405,18.9,51.3
406,21.7,55.7
407,22.1,53.2
408,13.8,41.3
409,21.1,41.2
410,16.3,77.3
411,18.2,57.7
412,28.8,68.8
413,36.0,30.6
414,22.1,43.6
415,22.6,48.3
416,19.9,60.0
417,20.6,69.2
418,14.8,46.5
419,22.3,47.0
420,14.7,51.3
421,33.0,60.4
422,19.6,46.9
423,42.2,74.3
424,24.2,43.1
425,19.3,35.1
426,28.0,66.9
427,18.0,60.7
428,21.8,69.2
429,18.8,49.8
430,21.8,50.6
431,25.3,59.1
432,19.3,38.0
433,21.0,59.3
434,11.1,35.2
435,18.4,58.7
436,21.4,42.7
437,18.6,43.2
438,19.2,41.8
439,24.1,63.4
440,15.7,58.1
441,19.2,55.5
442,20.3,35.0
443,22.3,52.9
444,20.7,60.8
445,9.8,45.3
446,28.2,57.7
447,35.5,52.4
448,17.6,49.2
449,38.5,58.6
450,13.4,39.2
451,49.5,67.9
452,29.5,43.7
453,20.9,48.0
454,21.5,50.8
455,9.0,33.2
456,23.5,48.5
457,13.5,64.3
458,15.1,56.7
459,34.2,84.9
460,19.5,54.1
461,18.3,36.1
462,13.0,34.8
463,58.8,84.0
464,13.4,47.5
465,30.4,58.1
466,10.7,54.4
467,15.8,49.5
468,15.1,42.0
469,20.5,48.7
470,23.9,59.5
471,17.0,45.4
472,29.7,51.8
473,23.6,61.0
474,16.8,41.5
475,12.9,37.6
476,17.3,48.7
477,38.8,60.6
478,16.5,46.3
479,36.3,73.2
480,14.6,48.5
481,24.9,50.1
482,20.2,32.7
483,17.1,48.2
484,17.4,48.3
485,51.2,62.8
486,17.9,42.0
487,19.5,53.2
488,12.3,35.1
489,31.7,57.6
490,24.6,59.3
491,23.0,48.3
492,18.7,25.8
493,29.5,76.3
494,17.7,45.3
495,11.1,42.5
496,28.9,43.2
497,22.5,52.7
498,16.8,50.0
499,15.4,40.8
500,15.4,45.6
501,15.7,52.5
502,15.4,75.4
503,38.4,54.0
504,32.4,56.1
505,18.9,58.5
506,38.5,75.1
507,20.2,52.8
508,22.7,50.1
509,31.1,37.3
510,11.4,48.4
511,23.9,82.0
512,26.2,71.0
513,15.0,33.4
514,46.7,82.8
515,21.1,59.6
516,44.9,76.7
517,29.2,57.3
518,18.5,45.0
519,29.8,72.5
520,26.7,54.3
521,25.7,76.0
522,12.3,49.5
523,24.3,47.2
524,11.8,40.5
525,26.6,36.1
526,34.8,68.3
527,10.8,50.2
528,10.8,33.3
529,17.2,51.2
530,17.0,47.4
531,19.7,34.4
532,18.6,41.9
533,21.1,41.3
534,16.0,39.3
535,25.6,55.7
536,32.1,51.9
537,24.6,56.9
538,28.0,50.5
539,43.7,64.8
540,47.2,39.6
541,19.7,57.5
542,19.1,51.3
543,11.2,51.3
544,22.6,43.6
545,40.7,82.3
546,28.8,64.0
547,22.1,66.9
548,26.3,47.2
549,29.1,40.5
550,19.7,53.4
551,20.8,50.5
552,16.5,36.1
553,19.1,44.7
554,17.7,53.0
555,12.4,37.3
556,15.8,44.1
557,18.9,53.5
558,27.3,64.3
559,25.0,63.4
560,11.4,40.5
561,34.6,53.2
562,19.2,41.8
563,21.7,37.4
564,16.3,54.0
565,17.6,51.7
566,29.9,57.9
567,22.5,69.1
568,20.9,25.5
569,11.5,55.2
570,31.7,64.8
571,11.3,64.5
572,62.1,77.7
573,20.6,62.1
574,12.0,43.7
575,19.3,55.1
576,25.3,60.2
577,21.0,41.4
578,28.2,48.7
579,26.2,73.3
580,57.1,80.3
581,20.7,41.2
582,30.3,71.1
583,16.1,40.9
584,12.7,49.9
585,20.4,55.7
586,12.9,53.7
587,12.4,43.5
588,34.1,54.2
589,50.0,64.0
590,49.1,67.7
591,22.2,50.7
592,25.4,42.2
593,14.9,34.4
594,15.3,56.6
595,27.6,34.6
596,18.4,47.1
597,19.4,46.8
598,21.0,42.3
599,18.6,56.3
600,33.9,64.5
601,13.0,41.4
602,46.0,78.9
603,15.3,55.7
604,14.3,42.2
605,20.4,42.2
606,43.3,65.7
607,42.2,81.9
608,36.8,50.8
609,18.4,49.5
610,15.7,38.7
611,18.3,39.6
612,20.7,31.9
613,17.4,45.5
614,35.8,68.7
615,21.9,63.1
616,23.2,52.4
617,21.1,59.7
618,10.2,38.2
619,16.4,42.3
620,23.9,63.1
621,17.5,40.8
622,22.7,41.8
623,22.3,44.2
624,22.9,49.6
625,19.3,48.1
626,20.6,42.3
627,13.7,40.6
628,25.9,55.0
629,24.4,54.5
630,23.1,26.5
631,23.6,53.4
632,21.7,50.1
633,16.6,42.2
634,23.5,49.9
635,9.3,35.8
636,24.1,31.1
637,51.9,63.5
638,12.2,37.5
639,30.7,50.4
640,26.9,63.5
641,17.1,46.5
642,21.6,26.0
643,55.1,93.3
644,14.4,47.2
645,16.1,52.1
646,23.3,59.9
647,12.5,46.2
648,8.7,21.9
649,24.1,19.7
650,14.6,40.7
651,26.3,78.6
652,24.0,68.1
653,39.8,73.2
654,40.3,59.1
655,16.3,32.5
656,22.0,56.5
657,21.9,38.9
658,23.4,68.8
659,19.6,45.0
660,18.9,56.7
661,21.6,49.8
662,23.5,50.2
663,14.1,40.5
664,30.9,66.4
665,19.6,49.3
666,24.8,52.9
667,23.6,47.0
668,11.4,32.1
669,28.7,88.6
670,10.5,48.5
671,21.9,41.1
672,23.2,61.3
673,23.8,35.8
674,23.9,52.3
675,14.4,46.8
676,24.3,56.1
677,28.5,63.5
678,23.6,43.3
679,12.5,36.4
680,12.6,48.4
681,32.1,55.3
682,32.3,77.9
683,32.4,64.4
684,20.5,49.6
685,12.9,40.7
686,49.6,78.4
687,21.2,53.1
688,14.8,48.8
689,23.4,50.4
690,21.4,52.2
691,17.4,40.0
692,20.3,36.4
693,12.6,37.1
694,16.4,48.8
695,23.1,59.2
696,16.3,56.5
697,20.2,49.6
698,14.5,34.3
699,24.8,42.4
700,20.1,47.4
701,19.8,45.6
702,15.9,52.5
703,18.2,42.4
704,13.3,36.8
705,60.3,68.1
706,42.1,76.4
707,12.0,51.0
708,24.2,61.8
709,20.5,95.0
710,18.9,32.8
711,25.8,45.1
712,17.4,43.4
713,30.5,54.9
714,19.5,43.4
715,20.8,37.1
716,14.5,38.3
717,34.1,52.9
718,16.7,44.7
719,23.6,54.4
720,22.9,64.7
721,18.4,51.3
722,60.5,66.7
723,11.5,33.4
724,29.2,66.6
725,28.4,46.4
726,37.2,78.5
727,17.3,49.5
728,32.9,64.7
729,41.0,63.7
730,21.2,50.5
731,16.1,46.6
732,27.0,95.0
733,34.5,68.9
734,19.4,60.7
735,16.5,48.4
736,44.4,64.6
737,21.6,38.5
738,16.5,53.6
739,16.1,57.0
740,24.3,41.0
741,48.0,66.6
742,10.3,54.0
743,13.3,42.3
744,20.6,58.5
745,26.6,61.3
746,13.2,32.8
747,13.0,44.2
748,14.8,52.6
749,13.6,41.6
750,16.9,41.4
751,42.5,77.2
752,22.0,46.8
753,14.5,40.3
754,30.9,47.0
755,31.0,72.5
756,19.2,41.9
757,33.9,64.1
758,32.2,38.9
759,17.0,70.9
760,26.5,30.8
761,24.0,54.4
762,10.8,29.6
763,28.6,71.9
764,28.8,55.8
765,25.6,55.9
766,21.1,57.9
767,12.3,41.2
768,14.7,65.1
769,45.0,65.4
770,13.7,45.2
771,15.6,39.5
772,31.4,46.0
773,29.3,30.3
774,22.9,55.8
775,26.2,21.2
776,43.7,47.3
777,12.1,47.7
778,35.3,72.3
779,24.6,24.7
780,10.5,37.6
781,15.4,27.4
782,9.5,44.8
783,16.5,46.3
784,14.9,45.0
785,42.9,59.2
786,13.4,47.7
787,15.0,37.7
788,22.2,47.1
789,32.8,71.2
790,14.2,66.0
791,28.4,49.1
792,9.2,27.0
793,23.8,44.0
794,27.4,43.4
795,21.1,51.7
796,14.2,43.1
797,32.2,64.5
798,15.2,41.9
799,25.3,54.6
800,21.7,55.4
801,51.7,82.4
802,13.6,42.0
803,13.9,53.1
804,27.2,34.0
805,19.3,52.6
806,10.4,59.1
807,21.3,54.7
808,11.4,35.9
809,25.0,50.8
810,14.0,47.6
811,27.6,38.3
812,19.9,46.5
813,19.6,26.2
814,31.6,64.0
815,18.6,52.8
816,14.3,38.2
817,19.2,64.7
818,6.7,65.0
819,11.3,67.6
820,21.3,39.7
821,19.1,47.3
822,10.1,35.5
823,11.4,35.2
824,22.1,43.4
825,33.9,60.2
826,42.5,70.5
827,30.5,63.8
828,15.9,36.1
829,13.6,53.0
830,20.5,55.8
831,15.1,42.4
832,40.1,66.2
833,27.1,46.8
834,5.2,38.2
835,11.8,38.8
836,34.3,56.8
837,20.6,44.2
838,15.6,61.6
839,20.7,61.9
840,37.8,49.5
841,11.8,48.1
842,18.8,52.5
843,37.0,72.5
844,30.3,52.4
845,21.3,43.9
846,8.5,39.4
847,26.7,65.4
848,15.6,43.7
849,36.5,51.1
850,27.4,50.2
851,24.7,38.3
852,21.4,60.7
853,26.2,60.6
854,19.2,43.6
855,22.1,35.9
856,17.6,54.5
857,13.9,49.7
858,18.2,48.4
859,50.5,67.3
860,14.9,44.6
861,22.7,51.2
862,12.3,47.0
863,19.8,64.3
864,34.1,37.8
865,32.0,64.9
866,13.4,30.8
867,16.6,51.1
868,17.9,44.9
869,25.2,45.6
870,27.8,59.1
871,14.8,57.3
872,34.4,70.6
873,22.1,54.3
874,16.1,43.6
875,17.8,56.9
876,12.5,45.0
877,13.3,37.6
878,15.2,44.0
879,23.5,51.5
880,35.6,62.9
881,18.1,51.9
882,17.4,55.0
883,28.8,51.5
884,10.8,53.4
885,41.3,59.4
886,13.5,42.1
887,19.8,52.9
888,16.3,61.8
889,23.7,64.6
890,11.9,45.2
891,20.6,52.7
892,10.5,36.0
893,14.8,33.1
894,17.7,34.2
895,21.3,52.4
896,13.2,56.4
897,35.2,43.5
898,14.9,44.0
899,12.4,46.5
900,14.2,46.5
901,25.2,59.8
902,33.6,40.0
903,19.0,42.3
904,18.3,45.5
905,36.8,61.7
906,27.0,43.3
907,27.0,53.6
908,16.2,54.4
909,17.2,45.1
910,15.0,37.7
911,29.8,62.9
912,24.5,48.8
913,54.6,79.8
914,20.3,36.6
915,21.1,31.3
916,23.5,42.1
917,21.3,54.8
918,17.2,33.6
919,22.0,45.7
920,24.1,60.0
921,41.4,63.8
922,22.7,55.7
923,25.9,45.5
924,12.9,48.7
925,14.8,41.7
926,18.9,61.6
927,26.6,42.3
928,37.3,76.4
929,25.6,61.7
930,23.7,47.4
931,24.2,57.1
932,18.8,33.4
933,47.3,68.8
934,16.0,52.6
935,30.7,36.9
936,14.8,41.6
937,11.7,60.6
938,41.7,79.1
939,19.4,50.0
940,14.6,51.3
941,13.1,37.4
942,22.0,52.5
943,54.0,75.3
944,22.3,49.0
945,15.8,46.3
946,22.7,53.3
947,34.1,49.0
948,10.3,36.4
949,48.1,88.5
950,22.1,73.7
951,21.7,39.3
952,17.2,49.1
953,16.1,52.9
954,19.8,57.0
955,15.4,45.8
956,51.6,59.6
957,37.4,71.0
958,23.6,61.3
959,17.1,75.0
960,15.1,45.1
961,23.5,55.3
962,15.5,54.3
963,14.9,48.0
964,19.5,45.3
965,18.3,54.8
966,23.2,62.7
967,15.5,43.1
968,18.3,55.7
969,24.5,37.0
970,24.1,30.4
971,11.8,42.3
972,22.1,66.7
973,16.1,35.1
974,58.7,65.3
975,15.0,36.2
976,16.2,50.4
977,18.0,57.6
978,20.1,48.5
979,49.7,82.4
980,30.5,58.1
981,52.6,74.4
982,24.9,59.8
983,25.6,56.2
984,22.5,57.5
985,15.1,46.2
986,35.2,50.8
987,31.3,60.3
988,12.6,48.7
989,23.5,89.8
990,32.6,61.5
991,11.1,46.8
992,23.0,27.7
993,20.7,57.8
994,21.7,48.1
995,22.2,54.3
996,26.8,51.4
997,20.0,58.6
998,14.8,54.6
999,20.1,50.1
1000,22.5,85.3
1001,15.5,45.9
1002,20.1,54.9
1003,30.9,44.8
1004,37.8,61.9
1005,17.9,62.3
1006,18.8,42.2
1007,18.8,58.9
1008,39.2,72.8
1009,18.4,51.9
1010,27.7,51.7
1011,26.4,65.9
1012,16.4,83.6
1013,22.9,44.7
1014,25.7,41.5
1015,15.3,49.3
1016,24.2,55.5
1017,15.3,36.8
1018,12.4,48.2
1019,55.5,75.7
1020,33.5,64.0
1021,16.1,90.0
1022,25.8,52.5
1023,17.9,61.2
1024,17.9,37.1
1025,14.7,35.1
1026,18.7,44.3
1027,18.9,40.8
1028,20.0,58.4
1029,17.5,49.6
1030,28.5,47.0
1031,27.7,66.2
1032,21.5,55.9
1033,22.4,51.5
1034,37.5,64.2
1035,20.8,41.6
1036,33.8,45.0
1037,17.2,38.5
1038,17.1,54.1
1039,19.5,61.0
1040,21.1,47.8
1041,12.4,36.5
1042,12.9,57.3
1043,23.8,64.0
1044,20.8,32.1
1045,16.7,48.0
1046,15.0,43.4
1047,6.9,26.2
1048,30.8,53.3
1049,16.3,43.6
1050,20.5,59.2
1051,15.4,35.3
1052,22.5,47.8
1053,15.5,42.2
1054,13.3,36.6
1055,18.5,43.0
1056,18.2,46.6
1057,12.3,45.6
1058,11.3,36.5
1059,43.3,82.2
1060,11.5,22.7
1061,17.7,57.8
1062,15.6,41.2
1063,13.2,52.5
1064,33.8,60.9
1065,12.6,45.5
1066,15.2,32.9
1067,22.8,90.5
1068,12.6,41.6
1069,11.8,49.6
1070,19.1,53.3
1071,22.8,45.9
1072,24.0,63.9
1073,24.5,56.8
1074,19.4,39.7
1075,24.8,48.5
1076,13.9,42.2
1077,33.1,71.8
1078,22.1,42.9
1079,18.9,48.9
1080,20.6,39.3
1081,23.0,58.3
1082,19.1,25.1
1083,20.0,61.6
1084,25.5,52.6
1085,14.8,42.8
1086,33.5,59.3
1087,61.6,73.6
1088,32.8,54.5
1089,23.1,59.8
1090,9.3,46.7
1091,19.1,37.0
1092,18.0,55.9
1093,18.6,52.3
1094,9.2,48.8
1095,25.2,58.1
1096,22.6,43.6
1097,9.5,39.0
1098,18.1,53.8
1099,38.2,67.3
1100,15.9,38.2
1101,19.5,50.8
1102,23.1,44.0
1103,32.1,57.7
1104,16.3,43.2
1105,37.2,69.6
1106,15.5,41.7
1107,20.1,50.0
1108,18.9,76.4
1109,12.7,42.7
1110,23.7,63.0
1111,19.8,49.6
1112,17.7,55.7
1113,17.9,53.5
1114,16.5,56.7
1115,18.8,95.0
1116,20.0,28.3
1117,11.0,31.2
1118,33.9,64.7
1119,47.1,55.2
1120,12.8,51.0
1121,25.4,58.2
1122,29.1,61.9
1123,19.2,50.2
1124,46.0,46.5
1125,36.1,73.9
1126,14.4,55.9
1127,34.8,53.8
1128,28.3,47.2
1129,18.7,75.4
1130,12.8,44.7
1131,13.2,50.3
1132,17.3,39.9
1133,19.9,63.2
1134,37.0,74.3
1135,45.3,66.1
1136,21.7,40.9
1137,29.4,69.0
1138,53.3,75.3
1139,17.2,45.4
1140,29.3,91.9
1141,15.1,53.0
1142,27.2,47.2
1143,11.2,42.1
1144,25.0,46.1
1145,15.8,46.8
1146,15.2,38.8
1147,20.4,74.8
1148,18.2,69.4
1149,21.9,51.1
1150,16.4,38.7
1151,15.5,55.4
1152,45.3,59.2
1153,37.4,55.6
1154,15.1,44.3
1155,19.7,90.7
1156,21.7,47.7
1157,12.5,39.8
1158,20.0,49.8
1159,15.3,36.0
1160,18.5,50.2
1161,20.2,67.4
1162,18.5,41.7
1163,18.9,47.2
1164,19.9,56.7
1165,48.9,67.7
1166,31.6,72.2
1167,16.1,36.2
1168,23.4,46.4
1169,22.1,50.8
1170,39.7,69.1
1171,30.2,58.3
1172,53.6,85.2
1173,18.9,49.2
1174,16.6,45.8
1175,20.4,32.7
1176,28.5,70.2
1177,20.7,35.2
1178,16.6,45.4
1179,23.5,48.4
1180,20.1,55.3
1181,30.0,71.6
1182,31.3,65.3
1183,23.3,55.2
1184,38.0,70.3
1185,17.5,56.1
1186,32.4,48.7
1187,15.1,47.8
1188,14.0,60.4
1189,16.7,29.9
1190,24.1,49.3
1191,13.4,33.6
1192,18.4,58.4
1193,19.4,38.6
1194,29.3,35.4
1195,24.3,58.4
1196,16.0,48.8
1197,27.9,37.5
1198,14.6,55.0
1199,8.2,68.8
1200,20.5,49.1
1201,24.1,52.1
1202,24.2,37.3
1203,0.0,20.1
1204,34.9,55.2
1205,35.3,70.7
1206,15.2,61.2
1207,21.5,58.1
1208,38.5,76.5
1209,22.3,60.3
1210,24.5,56.9
1211,21.8,58.4
1212,19.1,49.8
1213,13.5,54.7
1214,13.8,43.9
1215,9.4,52.6
1216,26.2,54.5
1217,19.0,43.2
1218,21.5,49.8
1219,12.7,38.8
1220,23.6,34.6
1221,27.9,46.9
1222,17.5,41.5
1223,19.1,68.1
1224,16.7,55.1
1225,31.8,68.8
1226,13.8,42.2
1227,13.8,44.5
1228,21.4,38.2
1229,11.9,57.4
1230,40.1,63.5
1231,40.8,61.0
1232,23.8,14.8
1233,12.4,39.3
1234,11.6,43.9
1235,15.9,58.7
1236,15.8,48.7
1237,23.1,42.6
1238,16.3,48.8
1239,22.4,49.2
1240,19.9,43.6
1241,22.8,61.0
1242,12.3,36.8
1243,21.1,59.3
1244,9.7,47.9
1245,13.6,45.8
1246,41.0,71.5
1247,54.8,53.4
1248,13.9,38.5
1249,18.8,95.0
1250,15.7,46.3
1251,17.8,49.0
1252,17.2,76.7
1253,12.1,35.2
1254,24.3,48.8
1255,43.7,64.8
1256,18.2,63.7
1257,29.6,42.5
1258,24.4,54.7
1259,12.8,40.2
1260,16.2,35.7
1261,14.9,31.4
1262,14.2,43.0
1263,24.4,67.0
1264,23.5,40.0
1265,20.0,49.7
1266,17.8,44.7
1267,19.8,57.7
1268,12.6,56.7
1269,24.8,38.8
1270,18.1,41.3
1271,39.8,67.1
1272,11.4,42.4
1273,27.8,60.9
1274,19.2,62.0
1275,18.2,54.8
1276,19.2,36.0
1277,24.3,80.0
1278,17.1,46.9
1279,15.0,45.6
1280,34.2,71.2
1281,17.1,37.4
1282,30.3,46.7
1283,23.2,57.9
1284,21.3,55.6
1285,27.6,61.6
1286,21.4,62.6
1287,17.0,40.4
1288,31.2,80.7
1289,39.5,76.0
1290,36.5,70.3
1291,16.0,45.4
1292,13.7,32.2
1293,18.4,59.3
1294,33.6,69.8
1295,28.1,44.7
1296,17.4,47.3
1297,17.0,50.2
1298,26.7,25.2
1299,13.9,56.0
1300,31.3,61.9
1301,18.1,39.4
1302,34.4,63.0
1303,20.5,49.6
1304,35.1,70.3
1305,32.1,48.3
1306,10.6,49.4
1307,20.3,60.0
1308,17.3,41.1
1309,31.2,70.5
1310,29.6,53.9
1311,8.2,35.1
1312,21.9,38.9
1313,27.1,45.8
1314,32.7,78.8
1315,19.7,59.0
1316,50.7,78.2
1317,10.2,58.4
1318,18.2,44.7
1319,20.5,51.2
1320,35.2,64.2
1321,14.2,59.6
1322,28.9,46.2
1323,24.6,52.6
1324,33.3,56.9
1325,17.9,39.7
1326,67.6,84.7
1327,15.3,43.7
1328,21.2,57.1
1329,18.4,37.1
1330,17.6,35.0
1331,21.7,56.2
1332,17.7,95.0
1333,23.6,52.5
1334,18.4,41.0
1335,16.2,49.4
1336,29.2,74.3
1337,15.9,18.0
1338,18.9,56.2
1339,11.7,43.2
1340,31.8,68.1
1341,12.9,30.9
1342,17.0,59.4
1343,36.0,56.7
1344,28.1,51.1
1345,20.2,84.7
1346,15.4,46.7
1347,16.8,44.2
1348,12.5,43.2
1349,26.3,60.1
1350,17.3,56.3
1351,38.7,65.0
1352,16.9,65.5
1353,12.6,42.4
1354,31.4,34.6
1355,42.4,40.4
1356,12.2,31.5
1357,15.6,63.0
1358,15.6,38.3
1359,24.4,73.0
1360,14.9,48.5
1361,10.3,41.8
1362,16.2,41.4
1363,18.0,61.4
1364,13.7,41.7
1365,19.1,51.8
1366,28.2,51.0
1367,17.8,55.3
1368,14.2,46.4
1369,21.4,58.4
1370,29.8,72.1
1371,38.9,72.6
1372,26.4,51.4
1373,20.9,58.8
1374,21.8,63.0
1375,10.5,47.8
1376,24.3,62.5
1377,35.5,53.1
1378,10.1,51.2
1379,16.9,59.2
1380,17.9,44.9
1381,26.6,63.3
1382,16.7,49.0
1383,12.1,48.5
1384,14.3,48.0
1385,18.1,34.4
1386,43.7,61.1
1387,15.5,35.6
1388,24.5,53.5
1389,19.1,51.8
1390,20.5,44.3
1391,18.8,39.5
1392,26.4,57.0
1393,21.2,49.9
1394,13.8,54.9
1395,18.7,43.6
1396,16.3,57.9
1397,17.5,58.2
1398,14.2,44.9
1399,20.3,75.5
1400,42.7,84.1
1401,18.0,52.6
1402,13.2,77.4
1403,35.8,69.8
1404,18.0,36.3
1405,24.0,75.1
1406,21.3,49.6
1407,15.9,49.0
1408,15.0,44.7
1409,22.3,59.0
1410,15.3,54.1
1411,13.4,46.4
1412,20.7,60.9
1413,22.3,51.8
1414,21.3,44.6
1415,28.1,58.9
1416,35.5,41.8
1417,16.5,49.4
1418,15.4,38.4
1419,33.4,71.2
1420,24.1,48.4
1421,36.3,66.1
1422,5.7,50.8
1423,32.3,69.7
1424,19.6,35.9
1425,22.2,43.6
1426,23.0,49.3
1427,32.8,39.6
1428,21.1,46.8
1429,36.6,68.2
1430,15.9,43.1
1431,18.4,45.0
1432,19.9,59.9
1433,18.4,39.5
1434,27.0,55.4
1435,29.5,70.8
1436,17.7,54.8
1437,35.7,69.9
1438,9.9,36.5
1439,18.3,40.2
1440,18.0,55.1
1441,15.2,49.0
1442,21.5,52.5
1443,42.9,51.6
1444,9.3,30.7
1445,20.1,59.8
1446,33.1,65.9
1447,16.4,42.2
1448,14.1,51.3
1449,33.8,58.0
1450,10.6,37.4
1451,44.3,55.1
1452,13.8,44.7
1453,38.1,70.8
1454,32.6,54.2
1455,16.0,60.7
1456,23.0,47.7
1457,18.2,85.1
1458,21.9,54.8
1459,29.6,63.0
1460,20.0,55.5
1461,20.3,55.3
1462,18.1,39.0
1463,12.6,57.4
1464,19.5,45.5
1465,19.3,75.7
1466,14.2,53.8
1467,17.1,51.1
1468,15.3,43.6
1469,23.7,46.0
1470,20.0,58.1
1471,28.6,57.4
1472,22.4,60.2
1473,26.3,64.9
1474,15.5,48.7
1475,13.9,34.9
1476,19.1,71.5
1477,19.1,54.7
1478,14.5,42.7
1479,13.9,48.7
1480,23.0,57.9
1481,34.9,46.5
1482,9.2,66.5
1483,16.0,58.5
1484,9.3,48.6
1485,24.7,43.2
1486,17.7,49.7
1487,19.5,56.3
1488,17.2,33.4
1489,11.8,44.7
1490,13.1,51.4
1491,20.7,44.6
1492,15.7,57.5
1493,18.9,56.1
1494,14.0,49.3
1495,19.3,51.5
1496,15.8,42.1
1497,41.4,52.0
1498,18.0,78.4
1499,33.0,79.6
1500,49.2,79.4
1501,34.5,63.2
1502,15.8,34.2
1503,15.4,38.9
1504,16.0,63.5
1505,20.7,45.5
1506,32.9,58.1
1507,8.5,70.1
1508,23.5,56.3
1509,20.8,54.0
1510,19.8,28.7
1511,27.0,52.3
1512,29.9,44.1
1513,22.1,57.2
1514,17.1,43.4
1515,23.0,91.9
1516,16.4,36.6
1517,19.3,46.8
1518,43.4,68.6
1519,19.3,62.3
1520,25.0,70.5
1521,43.0,77.4
1522,12.9,51.4
1523,29.4,41.9
1524,15.5,50.4
1525,19.4,42.0
1526,38.2,39.0
1527,11.1,54.5
1528,15.0,44.0
1529,14.4,46.2
1530,22.4,38.5
1531,18.1,43.1
1532,17.7,51.0
1533,9.6,41.4
1534,25.8,52.8
1535,20.3,46.1
1536,21.0,48.3
1537,33.7,63.1
1538,18.9,53.3
1539,19.5,47.5
1540,8.2,53.0
1541,20.2,35.9
1542,37.3,63.2
1543,18.8,52.5
1544,32.5,44.6
1545,14.0,45.1
1546,26.5,56.2
1547,18.6,54.7
1548,13.2,41.0
1549,19.0,23.9
1550,14.4,52.2
1551,23.2,42.6
1552,32.7,44.4
1553,27.5,59.8
1554,13.6,41.2
1555,24.4,60.0
1556,14.3,48.3
1557,19.9,48.3
1558,9.7,38.3
1559,21.1,53.3
1560,21.4,65.0
1561,22.7,37.6
1562,25.2,54.5
1563,51.0,56.3
1564,14.0,43.9
1565,33.0,38.4
1566,29.7,53.9
1567,25.0,57.3
1568,25.8,61.2
1569,21.9,60.2
1570,14.8,64.3
1571,15.0,56.8
1572,31.9,67.9
1573,12.2,60.2
1574,39.5,76.5
1575,25.4,59.3
1576,20.3,35.2
1577,53.2,67.8
1578,36.6,56.3
1579,38.7,61.5
1580,26.5,37.4
1581,42.6,70.8
1582,15.5,49.1
1583,17.1,81.0
1584,20.0,52.4
1585,18.3,58.1
1586,22.6,64.9
1587,16.5,52.4
1588,20.0,61.9
1589,20.7,56.1
1590,15.0,39.5
1591,32.1,73.6
1592,11.9,44.7
1593,17.7,47.5
1594,16.8,50.7
1595,17.2,43.9
1596,25.5,49.8
1597,25.1,31.9
1598,11.9,55.6
1599,19.0,48.7
1600,27.2,62.4
1601,34.4,80.0
1602,15.0,45.5
1603,22.1,50.3
1604,33.2,73.5
1605,12.9,60.5
1606,14.7,56.8
1607,17.5,49.1
1608,12.9,49.4
1609,46.5,79.8
1610,17.9,39.4
1611,32.4,57.0
1612,16.7,59.8
1613,12.0,31.7
1614,37.6,68.0
1615,26.3,49.6
1616,21.1,45.1
1617,20.1,39.7
1618,31.6,61.8
1619,30.4,46.5
1620,14.5,49.6
1621,29.3,72.6
1622,21.8,63.5
1623,20.3,51.4
1624,12.4,40.3
1625,17.6,63.0
1626,19.2,42.4
1627,20.5,58.0
1628,18.7,54.2
1629,12.2,45.8
1630,14.7,59.4
1631,13.0,48.3
1632,25.8,95.0
1633,40.8,68.0
1634,13.3,50.9
1635,41.9,73.5
1636,22.0,43.8
1637,20.7,45.2
1638,20.7,55.3
1639,42.0,66.6
1640,50.8,71.2
1641,51.0,74.6
1642,38.6,64.4
1643,17.3,49.5
1644,35.3,59.6
1645,34.6,61.0
1646,18.1,40.8
1647,22.1,50.0
1648,17.9,55.5
1649,25.6,30.5
1650,19.9,46.8
1651,23.9,35.1
1652,12.5,47.5
1653,17.4,46.7
1654,43.8,62.7
1655,35.2,77.7
1656,25.9,46.5
1657,12.2,39.9
1658,21.8,61.1
1659,18.5,51.5
1660,19.3,54.9
1661,16.7,42.3
1662,14.7,48.3
1663,18.2,47.3
1664,19.4,52.6
1665,17.7,52.1
1666,12.5,35.7
1667,32.2,80.4
1668,13.0,30.2
1669,17.2,38.9
1670,15.9,53.3
1671,15.8,74.1
1672,24.1,73.9
1673,16.0,29.0
1674,16.7,38.8
1675,20.3,53.7
1676,20.7,43.9
1677,27.7,53.0
1678,26.2,50.5
1679,16.2,38.5
1680,47.7,62.3
1681,23.5,46.6
1682,19.1,53.3
1683,19.6,48.5
1684,23.4,50.7
1685,13.0,24.3
1686,18.9,41.7
1687,22.9,57.2
1688,29.4,37.6
1689,17.2,47.4
1690,17.6,42.1
1691,11.3,50.1
1692,20.4,43.4
1693,18.7,67.4
1694,19.7,50.4
1695,19.7,43.8
1696,15.3,43.9
1697,26.4,78.9
1698,18.4,43.9
1699,26.9,57.8
1700,13.8,49.5
1701,34.7,85.7
1702,15.2,45.2
1703,17.3,33.5
1704,15.1,59.1
1705,16.1,45.0
1706,17.4,45.5
1707,21.9,40.5
1708,27.5,61.7
1709,41.4,69.0
1710,20.3,41.6
1711,29.5,44.9
1712,35.2,58.9
1713,19.2,48.7
1714,19.4,32.0
1715,14.1,40.1
1716,16.8,79.2
1717,32.3,64.3
1718,25.9,57.0
1719,9.2,37.0
1720,17.2,52.8
1721,17.2,31.5
1722,39.3,85.5
1723,33.2,82.4
1724,31.1,58.6
1725,12.3,36.3
1726,11.7,48.0
1727,45.9,91.5
1728,15.6,47.2
1729,36.6,72.7
1730,30.4,56.1
1731,15.3,39.4
1732,17.5,47.2
1733,29.2,69.5
1734,15.6,84.0
1735,20.8,33.3
1736,27.7,69.2
1737,17.9,52.4
1738,16.4,54.5
1739,16.7,41.6
1740,24.5,54.8
1741,25.2,68.6
1742,34.7,72.8
1743,17.6,58.7
1744,18.2,34.5
1745,10.7,32.7
1746,16.4,32.2
1747,17.0,60.8
1748,28.3,47.2
1749,43.5,72.0
1750,21.9,58.0
1751,14.9,42.2
1752,44.1,66.7
1753,18.4,48.0
1754,19.0,57.5
1755,27.6,81.9
1756,18.6,45.2
1757,24.8,44.2
1758,31.8,52.0
1759,21.7,45.4
1760,50.6,57.4
1761,32.0,46.0
1762,12.3,46.4
1763,17.5,57.7
1764,23.2,22.1
1765,21.9,58.2
1766,10.4,34.8
1767,24.0,67.1
1768,12.3,37.1
1769,25.4,57.3
1770,17.5,52.8
1771,19.6,69.9
1772,14.8,46.6
1773,14.9,51.0
1774,21.7,33.0
1775,23.3,51.5
1776,14.6,44.7
1777,21.0,31.2
1778,19.4,51.4
1779,16.5,36.4
1780,13.3,35.5
1781,36.7,69.6
1782,19.3,46.3
1783,41.2,42.6
1784,22.7,54.7
1785,35.5,54.4
1786,20.3,46.9
1787,21.3,53.9
1788,19.9,57.6
1789,13.7,49.2
1790,25.8,51.3
1791,20.4,34.3
1792,34.3,57.1
1793,12.1,46.5
1794,15.7,43.3
1795,30.1,57.0
1796,19.4,44.2
1797,23.0,58.5
1798,39.1,54.1
1799,14.7,67.5
1800,12.5,36.8
1801,18.2,35.8
1802,28.0,52.4
1803,32.0,49.4
1804,15.7,41.4
1805,23.7,55.1
1806,23.2,73.5
1807,14.0,35.1
1808,13.5,35.8
1809,19.6,42.6
1810,22.3,54.8
1811,32.0,47.0
1812,21.5,43.6
1813,15.4,28.7
1814,18.9,39.0
1815,38.0,69.3
1816,22.6,39.1
1817,22.9,42.2
1818,25.4,52.7
1819,19.8,51.9
1820,29.7,49.6
1821,14.7,36.3
1822,16.7,57.1
1823,19.7,67.9
1824,12.4,51.4
1825,25.4,48.6
1826,25.5,45.4
1827,14.5,41.5
1828,29.8,58.3
1829,17.9,39.4
1830,27.6,46.2
1831,23.5,69.7
1832,19.3,41.5
1833,15.6,50.4
1834,21.4,41.1
1835,7.5,50.1
1836,25.3,54.7
1837,16.5,49.5
1838,11.0,35.8
1839,15.3,35.7
1840,24.1,53.5
1841,17.1,87.5
1842,12.2,65.7
1843,26.8,48.5
1844,23.9,81.2
1845,18.4,33.8
1846,12.5,48.9
1847,20.8,44.1
1848,19.7,51.7
1849,63.0,79.0
1850,17.3,40.6
1851,15.8,50.6
1852,45.0,67.1
1853,20.8,47.0
1854,20.3,52.2
1855,15.4,35.8
1856,17.2,38.2
1857,23.8,73.1
1858,18.8,39.7
1859,18.4,42.2
1860,42.7,56.4
1861,27.5,45.2
1862,11.5,45.2
1863,37.5,43.5
1864,23.9,51.4
1865,16.3,50.8
1866,18.0,42.7
1867,11.5,40.8
1868,14.5,42.8
1869,10.8,51.1
1870,45.6,70.9
1871,46.4,77.9
1872,33.5,65.7
1873,17.0,53.5
1874,29.9,54.2
1875,24.8,55.1
1876,17.4,37.2
1877,43.7,59.0
1878,20.8,45.5
1879,30.8,73.4
1880,16.6,43.2
1881,22.5,76.9
1882,12.8,40.9
1883,21.9,41.0
1884,18.7,62.4
1885,50.5,82.7
1886,21.6,33.4
1887,14.4,50.0
1888,16.6,34.2
1889,27.6,65.8
1890,15.3,43.6
1891,15.9,56.8
1892,16.1,40.7
1893,32.6,37.8
1894,15.1,48.7
1895,16.5,53.5
1896,13.4,59.3
1897,32.6,47.8
1898,79.1,56.1
1899,27.5,49.0
1900,33.3,45.0
1901,44.0,71.0
1902,11.9,37.5
1903,15.9,46.2
1904,26.4,47.3
1905,16.4,45.0
1906,23.1,57.3
1907,40.7,34.9
1908,26.5,41.1
1909,38.6,63.3
1910,22.4,60.7
1911,28.9,46.2
1912,14.9,26.6
1913,21.9,61.1
1914,32.1,44.8
1915,34.7,67.7
1916,16.7,37.7
1917,15.4,95.0
1918,11.1,43.3
1919,12.6,36.3
1920,24.4,66.3
1921,23.6,57.2
1922,17.3,71.4
1923,32.5,60.9
1924,11.3,50.6
1925,21.7,60.1
1926,20.4,52.8
1927,24.6,82.6
1928,16.1,47.4
1929,26.6,61.4
1930,25.4,64.8
1931,38.3,77.5
1932,14.0,42.9
1933,25.6,42.3
1934,28.4,34.1
1935,14.1,39.9
1936,14.5,44.0
1937,59.8,74.7
1938,12.5,50.2
1939,14.8,57.7
1940,21.8,38.3
1941,11.8,48.7
1942,22.4,49.8
1943,26.0,38.9
1944,22.5,54.3
1945,53.5,86.7
1946,34.4,56.7
1947,19.7,45.1
1948,35.0,48.5
1949,25.3,54.3
1950,30.1,54.5
1951,14.9,48.5
1952,27.8,46.6
1953,19.2,38.0
1954,25.3,69.2
1955,12.2,50.4
1956,19.4,47.2
1957,26.0,59.4
1958,29.4,61.8
1959,10.9,39.2
1960,29.2,52.5
1961,14.3,41.3
1962,53.4,81.5
1963,13.0,86.5
1964,50.3,76.4
1965,22.3,46.5
1966,21.5,56.4
1967,18.5,46.1
1968,21.1,57.9
1969,34.1,58.7
1970,24.7,18.9
1971,13.2,44.4
1972,18.2,46.1
1973,21.1,40.4
1974,26.1,55.0
1975,17.8,51.7
1976,25.1,48.8
1977,24.6,58.1
1978,21.1,45.0
1979,24.2,55.0
1980,29.7,54.9
1981,45.8,60.3
1982,15.7,54.9
1983,35.1,57.9
1984,15.4,34.8
1985,25.5,43.2
1986,21.0,54.8
1987,25.1,45.6
1988,10.4,46.6
1989,16.9,45.3
1990,26.8,54.8
1991,28.5,60.1
1992,19.5,32.8
1993,18.7,37.1
1994,14.4,34.3
1995,22.0,47.6
1996,31.6,57.0
1997,21.2,51.0
1998,27.4,67.7
1999,18.8,45.2
2000,19.0,33.6
2001,18.7,54.9
2002,19.8,69.7
2003,17.2,52.2
2004,16.1,61.5
2005,33.8,54.9
2006,16.8,39.5
2007,28.2,51.1
2008,25.5,66.0
2009,19.1,52.2
2010,13.5,46.2
2011,16.9,53.4
2012,22.1,57.7
2013,26.1,42.1
2014,20.1,49.2
2015,15.3,47.4
2016,26.2,52.8
2017,12.6,45.1
2018,27.4,33.3
2019,9.2,63.0
2020,32.1,51.7
2021,24.9,74.3
2022,13.4,41.7
2023,17.8,53.0
2024,14.7,54.7
2025,27.4,49.3
2026,16.7,46.2
2027,28.8,44.4
2028,44.4,74.3
2029,22.4,39.4
2030,35.9,70.6
2031,20.8,61.5
2032,18.1,81.5
2033,13.4,42.0
2034,15.8,38.4
2035,14.0,42.8
2036,17.7,54.2
2037,15.4,51.4
2038,23.2,43.5
2039,21.9,42.8
2040,20.9,82.6
2041,36.6,63.4
2042,16.5,49.6
2043,11.6,45.7
2044,21.8,56.4
2045,14.9,61.6
2046,19.4,55.3
2047,25.6,69.8
2048,33.9,72.6
2049,16.6,44.7
2050,23.1,66.2
2051,30.3,51.6
2052,18.3,47.6
2053,33.1,50.9
2054,12.9,54.1
2055,29.7,50.4
2056,20.1,42.0
2057,18.4,40.7
2058,19.8,50.3
2059,39.1,59.9
2060,26.3,58.4
2061,18.2,34.1
2062,21.2,59.6
2063,8.5,38.3
2064,14.8,39.2
2065,17.0,53.1
2066,41.2,72.5
2067,15.3,69.6
2068,34.8,59.3
2069,28.8,67.9
2070,23.4,47.3
2071,27.4,52.4
2072,18.3,54.1
2073,27.8,62.6
2074,13.2,34.0
2075,19.6,45.4
2076,16.3,48.0
2077,6.8,52.3
2078,33.5,58.3
2079,27.6,70.0
2080,28.9,57.5
2081,15.3,38.6
2082,26.7,71.0
2083,14.5,47.4
2084,15.3,37.5
2085,20.7,57.2
2086,34.4,75.5
2087,20.4,82.6
2088,20.8,61.0
2089,16.6,53.2
2090,19.0,71.0
2091,11.7,27.7
2092,30.7,61.4
2093,54.1,83.6
2094,32.2,70.0
2095,11.3,34.9
2096,20.9,56.2
2097,23.7,59.7
2098,17.4,35.6
2099,55.3,78.2
2100,13.6,34.3
2101,18.1,43.4
2102,14.6,60.3
2103,23.9,38.8
2104,19.4,34.5
2105,18.0,49.6
2106,11.4,37.1
2107,32.6,83.8
2108,18.2,58.3
2109,11.6,58.6
2110,23.1,28.7
2111,22.4,51.5
2112,31.3,65.0
2113,34.6,53.9
2114,21.7,85.1
2115,16.2,46.1
2116,16.0,56.5
2117,36.1,61.2
2118,25.5,57.7
2119,13.8,43.5
2120,13.8,41.0
2121,24.6,60.7
2122,13.2,35.2
2123,17.4,79.2
2124,33.4,62.9
2125,25.8,60.5
2126,25.6,65.8
2127,22.2,45.8
2128,16.6,45.3
2129,29.2,60.6
2130,25.3,48.6
2131,15.7,39.4
2132,36.5,51.3
2133,15.5,58.6
2134,17.8,51.5
2135,23.9,60.5
2136,13.9,46.4
2137,41.9,68.4
2138,16.9,45.5
2139,24.6,49.5
2140,13.9,37.1
2141,15.7,47.3
2142,38.4,67.4
2143,15.6,38.5
2144,16.2,42.9
2145,26.7,54.4
2146,13.0,49.3
2147,50.0,39.4
2148,18.5,34.6
2149,14.3,40.5
2150,18.2,52.2
2151,49.1,66.5
2152,16.0,62.5
2153,18.1,38.1
2154,17.5,76.5
2155,10.3,33.4
2156,15.7,48.1
2157,17.9,48.3
2158,35.0,71.7
2159,36.1,81.6
2160,19.9,58.9
2161,23.1,49.6
2162,21.3,84.4
2163,33.8,62.8
2164,13.3,22.1
2165,26.9,59.5
2166,14.6,38.9
2167,20.1,85.2
2168,13.6,36.5
2169,24.5,86.0
2170,26.8,22.7
2171,18.6,34.6
2172,18.5,49.6
2173,17.8,37.7
2174,14.8,47.2
2175,11.3,48.7
2176,20.1,67.5
2177,14.2,45.5
2178,23.8,40.4
2179,20.2,46.1
2180,16.3,67.0
2181,33.4,57.8
2182,19.5,46.5
2183,17.5,41.9
2184,14.8,40.4
2185,15.7,34.3
2186,19.4,44.4
2187,26.9,69.6
2188,24.3,44.5
2189,18.3,53.6
2190,18.2,63.4
2191,34.1,64.8
2192,26.3,42.3
2193,25.7,62.9
2194,24.8,42.5
2195,17.4,35.8
2196,13.4,43.8
2197,18.1,43.4
2198,18.7,36.9
2199,15.9,42.7
2200,15.1,36.5
2201,28.3,66.1
2202,16.0,47.7
2203,17.5,39.4
2204,25.1,41.8
2205,31.7,63.2
2206,19.7,60.0
2207,26.2,40.3
2208,22.0,67.9
2209,40.5,66.6
2210,50.6,39.8
2211,33.6,68.0
2212,33.9,71.1
2213,12.5,40.6
2214,9.5,34.6
2215,27.7,52.8
2216,15.2,47.2
2217,13.6,42.2
2218,23.9,34.4
2219,22.3,61.4
2220,14.4,36.6
2221,15.1,44.0
2222,19.3,36.4
2223,14.3,41.7
2224,19.4,38.4
2225,19.9,41.9
2226,15.3,52.3
2227,16.7,38.9
2228,23.9,37.6
2229,22.0,57.0
2230,28.7,70.9
2231,14.9,45.6
2232,24.2,67.5
2233,25.1,47.0
2234,12.6,44.2
2235,25.2,49.2
2236,25.6,44.2
2237,24.8,41.2
2238,29.9,56.6
2239,42.2,52.5
2240,24.9,60.5
2241,21.2,48.1
2242,26.8,47.0
2243,29.5,49.5
2244,23.8,47.6
2245,22.4,44.7
2246,16.6,43.4
2247,16.4,52.8
2248,20.5,39.5
2249,17.2,53.8
2250,7.0,35.5
2251,18.4,50.0
2252,15.1,26.7
2253,29.7,37.9
2254,18.4,28.9
2255,54.2,79.4
2256,42.5,59.7
2257,22.0,63.3
2258,21.3,50.9
2259,23.1,41.9
2260,23.6,41.7
2261,18.2,54.0
2262,14.8,32.9
2263,36.9,50.0
2264,17.0,43.9
2265,24.6,50.0
2266,22.4,47.5
2267,29.8,62.6
2268,22.3,41.6
2269,31.2,46.1
2270,12.5,95.0
2271,17.4,47.4
2272,14.5,41.5
2273,15.1,45.3
2274,28.9,52.9
2275,34.0,64.5
2276,26.4,70.9
2277,20.5,60.0
2278,22.9,54.4
2279,21.7,58.7
2280,30.6,38.7
2281,42.2,65.0
2282,20.4,58.7
2283,13.2,37.2
2284,18.2,48.3
2285,19.2,81.3
2286,32.3,59.0
2287,15.1,48.6
2288,21.8,44.0
2289,36.4,78.7
2290,18.5,35.1
2291,23.9,62.2
2292,10.5,47.1
2293,19.2,59.7
2294,18.0,54.4
2295,19.3,62.8
2296,17.8,52.1
2297,17.6,53.1
2298,19.2,56.3
2299,22.7,48.7
2300,22.6,63.7
2301,19.7,73.9
2302,22.2,50.0
2303,23.1,57.3
2304,32.5,65.0
2305,19.7,27.3
2306,16.8,50.2
2307,26.9,59.6
2308,46.5,72.3
2309,10.5,51.5
2310,14.5,52.6
2311,27.2,56.3
2312,22.4,52.6
2313,22.5,74.0
2314,21.7,43.2
2315,13.2,37.1
2316,16.8,52.5
2317,23.1,52.6
2318,15.7,52.2
2319,13.3,44.0
2320,14.1,43.4
2321,23.7,52.2
2322,11.6,42.3
2323,39.8,61.8
2324,19.1,50.5
2325,17.5,41.5
2326,32.0,43.0
2327,17.0,60.9
2328,10.8,40.3
2329,25.1,61.6
2330,23.3,64.4
2331,19.6,53.3
2332,20.1,49.8
2333,15.8,30.6
2334,17.2,44.9
2335,13.3,39.2
2336,9.1,35.0
2337,14.5,34.6
2338,3.3,68.0
2339,13.9,55.1
2340,54.0,71.8
2341,24.5,56.6
2342,14.0,45.7
2343,44.0,78.6
2344,9.4,31.2
2345,29.0,50.7
2346,25.3,64.3
2347,26.0,46.2
2348,10.6,44.3
2349,28.7,60.3
2350,36.0,78.7
2351,40.0,73.2
2352,15.8,64.5
2353,23.5,40.4
2354,15.0,48.5
2355,30.3,63.6
2356,12.3,40.0
2357,31.0,58.9
2358,11.5,52.1
2359,8.1,62.2
2360,11.0,37.4
2361,45.3,62.9
2362,21.5,43.1
2363,13.1,75.5
2364,28.2,49.4
2365,17.5,42.3
2366,26.1,71.6
2367,15.6,42.8
2368,23.4,62.1
2369,18.8,47.6
2370,17.8,85.0
2371,24.6,57.7
2372,23.4,42.0
2373,35.9,69.3
2374,15.1,54.3
2375,22.6,56.1
2376,17.7,38.7
2377,15.7,41.9
2378,33.7,52.7
2379,15.3,44.2
2380,25.7,43.8
2381,33.5,95.0
2382,23.5,42.6
2383,43.6,75.3
2384,14.8,39.1
2385,10.3,56.4
2386,25.8,48.0
2387,12.3,52.8
2388,18.3,52.9
2389,23.0,58.4
2390,40.9,74.4
2391,22.8,43.1
2392,59.2,87.9
2393,21.7,57.7
2394,35.5,63.0
2395,9.5,36.1
2396,19.7,66.0
2397,19.5,55.8
2398,22.0,61.7
2399,40.1,56.9
2400,18.3,38.8
2401,15.0,50.8
2402,15.0,61.8
2403,20.1,48.9
2404,28.7,37.3
2405,34.3,42.9
2406,11.1,34.2
2407,18.5,44.9
2408,22.2,42.8
2409,25.9,61.3
2410,19.8,37.6
2411,18.9,41.5
2412,13.9,42.3
2413,23.2,48.0
2414,11.4,47.1
2415,30.5,47.8
2416,19.7,31.2
2417,31.3,65.6
2418,22.1,49.0
2419,16.7,47.9
2420,20.7,39.5
2421,20.3,49.3
2422,30.7,46.3
2423,21.5,32.4
2424,22.5,48.1
2425,10.2,68.7
2426,23.8,65.8
2427,24.9,48.8
2428,21.0,73.1
2429,13.4,42.5
2430,21.0,37.1
2431,18.9,45.7
2432,25.4,57.9
2433,24.2,58.0
2434,24.0,76.9
2435,23.9,56.2
2436,27.6,51.2
2437,28.3,57.1
2438,10.6,48.7
2439,24.8,51.1
2440,28.0,56.3
2441,6.6,54.1
2442,24.9,37.9
2443,40.6,74.9
2444,29.4,62.0
2445,10.2,37.0
2446,23.8,58.8
2447,24.0,64.9
2448,23.4,83.7
2449,18.0,60.9
2450,31.9,41.8
2451,30.8,65.5
2452,30.3,58.3
2453,31.4,54.7
2454,26.7,62.0
2455,36.4,40.5
2456,36.4,70.8
2457,21.0,60.4
2458,19.2,65.3
2459,14.3,38.4
2460,33.0,54.4
2461,17.0,76.4
2462,13.5,45.2
2463,14.9,48.4
2464,24.3,57.3
2465,18.7,54.9
2466,22.7,43.8
2467,19.1,44.0
2468,8.8,25.5
2469,18.3,41.3
2470,10.0,42.9
2471,20.5,77.9
2472,36.5,67.8
2473,17.9,49.4
2474,13.4,37.8
2475,13.9,37.6
2476,22.2,49.6
2477,28.3,57.2
2478,17.7,42.6
2479,20.4,53.2
2480,19.0,38.5
2481,20.8,68.6
2482,30.4,49.0
2483,8.2,50.1
2484,16.3,35.3
2485,23.7,51.6
2486,12.8,41.1
2487,28.6,60.2
2488,11.5,34.1
2489,24.0,51.3
2490,10.3,44.8
2491,17.9,46.0
2492,31.0,55.3
2493,16.5,53.8
2494,56.7,71.4
2495,18.6,89.8
2496,19.0,50.1
2497,18.9,58.7
2498,16.2,48.8
2499,14.6,48.3
2500,16.5,50.4
2501,19.1,56.6
2502,30.9,55.9
2503,21.5,57.9
2504,19.6,40.1
2505,12.1,32.7
2506,43.8,66.2
2507,14.0,42.3
2508,16.2,51.2
2509,23.3,50.1
2510,22.8,56.3
2511,25.2,48.5
2512,26.3,65.8
2513,10.8,37.1
2514,28.4,58.7
2515,18.3,30.6
2516,23.9,81.5
2517,28.1,39.3
2518,13.7,40.4
2519,14.3,62.5
2520,25.0,52.6
2521,12.9,55.8
2522,33.2,59.8
2523,22.2,52.2
2524,14.3,46.7
2525,21.0,57.4
2526,14.2,55.4
2527,22.6,51.4
2528,20.4,49.7
2529,21.5,58.8
2530,36.6,63.7
2531,22.6,66.2
2532,17.9,45.1
2533,54.3,73.1
2534,26.7,57.9
2535,14.5,41.9
2536,18.4,41.4
2537,22.5,48.6
2538,41.8,79.1
2539,15.8,28.2
2540,1.5,54.0
2541,17.3,58.3
2542,19.7,55.3
2543,24.3,61.0
2544,21.9,52.8
2545,13.8,49.3
2546,30.8,56.1
2547,19.4,50.1
2548,27.4,66.6
2549,16.9,42.9
2550,16.4,52.5
2551,11.6,35.0
2552,30.4,59.8
2553,17.0,40.7
2554,15.3,42.9
2555,27.3,58.5
2556,16.3,46.7
2557,39.7,63.7
2558,10.8,40.5
2559,20.6,52.8
2560,15.6,34.6
2561,15.7,54.1
2562,12.3,56.6
2563,34.4,41.5
2564,19.9,46.5
2565,33.1,50.5
2566,19.9,54.3
2567,31.4,64.8
2568,33.0,62.9
2569,25.9,51.2
2570,9.9,42.9
2571,27.6,56.4
2572,16.2,82.3
2573,27.7,71.6
2574,12.5,45.9
2575,11.0,44.5
2576,32.1,56.5
2577,19.3,43.3
2578,45.6,56.9
2579,17.4,43.2
2580,16.0,39.7
2581,18.0,41.6
2582,16.7,85.5
2583,35.0,58.2
2584,17.5,51.0
2585,24.3,58.3
2586,22.7,56.4
2587,12.7,39.1
2588,17.8,47.9
2589,21.6,58.1
2590,17.0,45.7
2591,56.1,76.7
2592,30.7,85.6
2593,33.7,75.4
2594,27.4,45.3
2595,14.8,47.3
2596,22.2,33.7
2597,47.7,68.4
2598,35.2,38.0
2599,19.7,46.9
2600,12.0,33.9
2601,42.0,79.9
2602,15.6,48.7
2603,23.1,56.7
2604,23.2,49.1
2605,13.8,41.0
2606,10.9,51.7
2607,18.3,35.5
2608,37.1,70.8
2609,20.1,37.2
2610,28.4,56.1
2611,23.5,53.0
2612,16.7,44.8
2613,19.0,36.1
2614,11.5,33.4
2615,20.1,55.0
2616,14.6,39.5
2617,55.6,76.8
2618,43.0,72.3
2619,25.4,56.6
2620,17.9,38.5
2621,15.2,53.2
2622,15.2,46.3
2623,20.9,44.2
2624,23.1,59.2
2625,20.2,55.7
2626,43.0,57.7
2627,18.2,52.4
2628,26.4,49.0
2629,13.1,47.8
2630,16.2,56.3
2631,19.0,44.9
2632,19.5,48.5
2633,17.9,36.7
2634,10.1,43.5
2635,23.6,61.8
2636,20.2,50.6
2637,18.9,38.9
2638,17.4,58.6
2639,25.7,62.4
2640,15.3,38.3
2641,44.4,60.4
2642,20.7,70.6
2643,15.2,41.1
2644,13.0,34.4
2645,15.5,58.1
2646,17.3,33.6
2647,41.9,69.5
2648,46.7,82.5
2649,16.3,55.3
2650,15.7,37.5
2651,28.7,43.5
2652,55.3,56.6
2653,19.3,37.2
2654,11.4,52.7
2655,18.8,60.2
2656,14.4,76.1
2657,16.6,42.1
2658,36.5,48.4
2659,12.4,46.9
2660,16.1,78.4
2661,16.6,50.4
2662,14.7,43.2
2663,32.3,83.4
2664,17.0,63.1
2665,16.1,48.2
2666,60.2,89.3
2667,30.6,53.3
2668,19.9,48.8
2669,19.8,43.8
2670,18.3,42.2
2671,19.6,52.8
2672,22.1,77.5
2673,23.0,70.6
2674,21.5,51.2
2675,12.9,52.7
2676,17.2,36.9
2677,31.9,49.2
2678,29.9,44.4
2679,17.6,65.0
2680,19.0,61.5
2681,18.5,79.6
2682,21.2,56.7
2683,19.0,58.4
2684,21.3,43.6
2685,24.2,59.2
2686,23.3,51.4
2687,19.9,82.0
2688,15.0,42.3
2689,19.8,52.2
2690,20.0,44.7
2691,10.6,68.9
2692,40.2,67.1
2693,13.3,50.5
2694,11.4,52.1
2695,32.8,64.0
2696,17.6,57.8
2697,13.1,38.5
2698,18.6,54.8
2699,13.7,47.0
2700,17.9,51.2
2701,14.3,57.6
2702,33.6,74.8
2703,39.7,74.2
2704,14.0,36.7
2705,55.7,50.8
2706,42.4,67.4
2707,44.3,58.3
2708,40.8,61.7
2709,29.5,42.0
2710,8.5,35.5
2711,31.6,66.8
2712,17.0,45.7
2713,22.1,38.1
2714,35.3,78.9
2715,26.3,57.1
2716,13.1,40.5
2717,20.7,56.3
2718,15.1,46.2
2719,20.2,53.9
2720,15.2,54.5
2721,49.5,72.9
2722,16.0,50.9
2723,44.5,70.7
2724,29.0,53.2
2725,26.0,62.6
2726,13.3,49.1
2727,36.2,59.4
2728,19.7,86.9
2729,13.5,66.7
2730,26.3,54.2
2731,10.3,54.4
2732,15.8,45.8
2733,28.3,54.1
2734,21.1,47.9
2735,36.4,70.4
2736,36.7,65.0
2737,21.6,36.0
2738,41.0,62.4
2739,19.5,38.7
2740,24.4,74.5
2741,33.1,43.7
2742,20.7,46.0
2743,28.1,46.7
2744,30.0,71.0
2745,22.0,61.0
2746,21.3,54.6
2747,65.1,63.9
2748,18.5,38.1
2749,56.1,81.0
2750,19.9,83.7
2751,21.1,43.9
2752,34.7,74.6
2753,19.2,58.9
2754,37.1,72.0
2755,11.2,46.4
2756,15.1,26.9
2757,31.1,46.8
2758,23.5,43.5
2759,16.2,45.9
2760,16.1,44.0
2761,19.7,62.7
2762,25.1,59.2
2763,11.6,40.8
2764,16.6,60.0
2765,14.4,49.5
2766,20.7,57.5
2767,26.6,44.5
2768,41.1,58.3
2769,26.5,41.4
2770,26.7,58.7
2771,11.9,33.8
2772,31.2,48.0
2773,18.8,51.2
2774,12.2,35.0
2775,18.5,55.1
2776,26.9,49.7
2777,26.8,61.3
2778,35.4,69.8
2779,17.7,41.3
2780,33.6,52.7
2781,29.2,54.2
2782,19.0,66.6
2783,22.7,53.9
2784,9.3,39.6
2785,36.2,58.6
2786,19.2,72.2
2787,41.9,64.9
2788,8.6,58.8
2789,18.3,45.6
2790,17.0,58.0
2791,15.8,47.8
2792,24.0,53.7
2793,24.5,37.4
2794,23.5,47.7
2795,30.6,64.5
2796,32.1,56.6
2797,14.2,37.0
2798,15.7,45.7
2799,20.8,55.0
2800,17.1,36.2
2801,30.0,64.7
2802,17.0,84.7
2803,28.4,47.7
2804,16.1,42.6
2805,21.1,37.6
2806,14.9,36.7
2807,28.0,55.9
2808,18.1,51.6
2809,18.8,62.6
2810,14.4,54.0
2811,14.0,39.5
2812,11.3,44.4
2813,11.8,52.6
2814,27.3,63.7
2815,9.9,74.9
2816,26.1,61.1
2817,18.7,40.1
2818,17.6,49.1
2819,18.1,60.5
2820,18.7,42.0
2821,48.9,68.9
2822,18.2,52.2
2823,17.8,55.3
2824,9.2,28.5
2825,23.3,31.5
2826,15.8,50.3
2827,14.5,47.7
2828,22.5,58.9
2829,20.7,43.7
2830,19.6,55.3
2831,13.9,49.4
2832,23.5,61.2
2833,18.2,57.8
2834,16.4,56.2
2835,52.1,84.4
2836,9.6,72.6
2837,23.5,49.8
2838,10.1,52.1
2839,18.8,42.5
2840,16.5,53.3
2841,16.4,45.9
2842,18.7,60.2
2843,56.1,88.9
2844,14.0,41.1
2845,31.5,60.0
2846,26.8,36.1
2847,17.3,56.4
2848,34.2,78.7
2849,14.6,45.4
2850,21.7,42.4
2851,15.5,46.1
2852,11.4,47.4
2853,21.2,38.6
2854,30.0,49.5
2855,29.0,63.7
2856,23.1,57.1
2857,17.8,65.2
2858,16.7,54.0
2859,32.1,60.6
2860,15.5,50.5
2861,34.1,67.1
2862,7.4,46.9
2863,27.9,45.5
2864,27.6,51.3
2865,32.3,60.2
2866,12.6,39.3
2867,20.2,47.7
2868,13.5,42.9
2869,22.1,53.9
2870,29.5,65.1
2871,14.6,35.1
2872,17.5,34.2
2873,21.5,40.6
2874,19.0,52.0
2875,17.5,54.5
2876,15.0,53.8
2877,14.5,30.8
2878,9.1,43.1
2879,18.0,51.7
2880,22.3,50.4
2881,49.7,76.0
2882,22.5,47.0
2883,23.7,55.4
2884,22.3,33.8
2885,20.1,64.6
2886,54.5,56.8
2887,28.8,58.6
2888,27.1,60.8
2889,18.0,32.4
2890,14.4,34.5
2891,19.5,49.6
2892,44.2,36.5
2893,9.6,50.9
2894,18.3,52.3
2895,21.0,54.3
2896,18.3,47.6
2897,18.3,36.0
2898,49.6,72.3
2899,33.3,62.2
2900,29.5,54.7
2901,17.7,49.5
2902,51.5,70.9
2903,18.2,51.7
2904,30.3,37.5
2905,13.8,51.3
2906,11.4,33.4
2907,22.5,46.1
2908,14.3,50.7
2909,11.6,51.4
2910,22.5,41.5
2911,75.8,72.3
2912,10.1,35.8
2913,29.7,49.8
2914,48.9,82.4
2915,17.5,35.3
2916,21.0,41.2
2917,29.3,50.8
2918,45.8,64.6
2919,20.6,39.2
2920,22.6,70.1
2921,10.7,54.4
2922,28.0,47.2
2923,12.6,36.7
2924,15.7,38.4
2925,12.2,47.2
2926,19.3,55.9
2927,18.8,58.5
2928,23.2,51.2
2929,17.0,56.8
2930,22.3,57.7
2931,20.2,40.6
2932,37.6,77.7
2933,40.3,60.1
2934,30.9,65.2
2935,27.0,46.4
2936,21.0,42.2
2937,32.0,80.7
2938,21.7,34.3
2939,15.3,45.7
2940,12.0,36.7
2941,10.4,46.3
2942,31.5,49.6
2943,8.7,39.5
2944,14.1,47.5
2945,26.7,51.5
2946,16.5,45.9
2947,17.5,50.5
2948,10.4,62.9
2949,14.2,39.1
2950,21.4,30.3
2951,29.3,51.3
2952,17.3,43.4
2953,48.7,82.6
2954,45.2,35.5
2955,25.9,52.2
2956,38.8,77.4
2957,16.0,40.8
2958,10.4,42.9
2959,11.3,44.2
2960,14.9,39.2
2961,24.5,39.7
2962,29.6,58.4
2963,23.3,79.1
2964,23.1,52.7
2965,11.4,41.8
2966,16.4,43.7
2967,25.7,39.6
2968,27.7,44.4
2969,24.4,79.7
2970,26.9,54.7
2971,13.4,46.2
2972,21.2,46.6
2973,25.2,60.7
2974,20.9,19.4
2975,10.0,40.8
2976,20.6,29.8
2977,36.0,49.3
2978,24.5,55.6
2979,44.2,65.0
2980,20.0,54.9
2981,15.9,55.2
2982,18.5,46.6
2983,22.4,42.4
2984,12.1,36.3
2985,22.4,36.1
2986,13.3,31.9
2987,17.1,33.1
2988,10.7,52.8
2989,23.5,56.9
2990,16.6,54.2
2991,23.7,56.8
2992,18.7,55.7
2993,20.1,50.3
2994,28.0,52.2
2995,22.0,59.5
2996,32.5,54.3
2997,14.7,42.1
2998,31.5,47.4
2999,18.0,49.2
3000,12.9,43.6
3001,37.1,66.7
3002,20.6,47.9
3003,14.8,48.1
3004,19.1,55.2
3005,26.1,46.3
3006,14.4,53.1
3007,25.6,40.3
3008,25.5,29.2
3009,19.2,43.4
3010,19.7,53.9
3011,27.3,45.9
3012,19.9,38.6
3013,25.8,44.2
3014,15.8,50.4
3015,22.1,51.5
3016,28.6,64.0
3017,23.1,42.3
3018,28.5,66.1
3019,13.8,57.3
3020,19.0,38.8
3021,12.9,50.3
3022,17.6,39.1
3023,12.8,44.2
3024,15.2,34.9
3025,21.8,47.5
3026,16.9,37.4
3027,23.5,33.4
3028,46.1,79.3
3029,12.8,54.0
3030,18.7,76.6
3031,25.9,11.1
3032,16.8,46.5
3033,27.3,54.6
3034,19.8,55.0
3035,20.0,55.4
3036,24.2,73.1
3037,32.0,62.5
3038,23.6,53.7
3039,22.8,55.4
3040,26.2,57.0
3041,14.7,48.1
3042,17.6,44.0
3043,11.5,90.4
3044,25.5,30.7
3045,32.8,52.0
3046,39.7,57.9
3047,20.4,38.2
3048,23.6,43.8
3049,7.8,31.2
3050,25.3,61.7
3051,18.1,50.4
3052,20.3,43.7
3053,62.7,86.4
3054,30.0,45.7
3055,17.9,58.3
3056,66.8,63.5
3057,31.0,51.1
3058,12.7,37.9
3059,25.7,46.5
3060,33.7,50.2
3061,20.8,45.9
3062,21.6,39.7
3063,24.0,48.2
3064,26.9,58.2
3065,27.2,50.7
3066,11.0,44.2
3067,36.5,60.3
3068,19.6,55.9
3069,15.2,66.1
3070,27.7,43.8
3071,8.9,53.3
3072,24.0,48.0
3073,30.7,61.8
3074,15.4,70.9
3075,30.7,60.8
3076,29.8,65.6
3077,36.7,60.1
3078,32.2,62.6
3079,20.9,54.4
3080,23.0,20.7
3081,10.9,51.0
3082,27.6,55.4
3083,17.9,59.1
3084,27.1,46.6
3085,30.2,62.1
3086,12.0,40.3
3087,13.7,44.0
3088,23.2,63.5
3089,18.2,79.8
3090,50.9,49.3
3091,11.1,42.4
3092,18.6,59.6
3093,9.9,29.6
3094,20.8,66.5
3095,10.6,41.2
3096,17.7,48.1
3097,18.2,42.7
3098,20.3,58.6
3099,21.8,49.8
3100,34.1,77.0
3101,11.8,49.7
3102,12.2,46.8
3103,16.0,54.3
3104,20.3,39.5
3105,17.4,39.9
3106,22.2,57.9
3107,19.7,35.5
3108,24.0,74.1
3109,14.5,54.6
3110,18.8,51.3
3111,22.6,62.7
3112,37.9,63.0
3113,26.5,56.5
3114,11.6,37.1
3115,23.7,55.8
3116,22.3,57.1
3117,48.2,47.3
3118,16.5,31.6
3119,27.4,60.8
3120,35.2,63.1
3121,15.5,41.7
3122,12.3,40.6
3123,32.4,48.2
3124,13.0,46.0
3125,16.2,49.7
3126,26.6,38.6
3127,33.9,60.5
3128,17.0,40.9
3129,11.8,48.8
3130,38.0,50.0
3131,15.3,52.1
3132,18.6,54.5
3133,45.8,61.9
3134,20.6,45.4
3135,19.7,49.9
3136,19.2,53.0
3137,17.1,54.7
3138,24.2,45.7
3139,32.3,64.1
3140,13.1,40.9
3141,23.7,22.9
3142,34.2,60.6
3143,13.8,60.6
3144,18.5,47.7
3145,17.4,77.7
3146,18.6,51.4
3147,32.2,58.9
3148,21.8,44.5
3149,22.0,59.3
3150,25.8,48.8
3151,16.3,42.2
3152,24.4,88.0
3153,23.3,57.5
3154,17.9,53.6
3155,42.9,43.7
3156,31.9,51.7
3157,17.2,60.2
3158,18.1,61.6
3159,46.7,77.3
3160,23.2,49.2
3161,18.1,51.5
3162,18.6,40.7
3163,21.7,38.0
3164,10.5,67.0
3165,30.1,57.4
3166,36.8,66.5
3167,57.5,69.6
3168,10.8,55.1
3169,22.7,70.8
3170,23.0,44.2
3171,34.7,79.0
3172,15.1,39.3
3173,18.0,45.1
3174,22.1,42.4
3175,19.8,37.8
3176,18.4,53.4
3177,26.7,32.9
3178,12.8,33.3
3179,12.5,53.9
3180,30.6,67.7
3181,18.3,50.7
3182,19.8,58.8
3183,20.6,38.4
3184,22.6,48.3
3185,16.5,36.0
3186,11.7,39.1
3187,15.2,56.1
3188,24.9,39.2
3189,19.2,53.3
3190,19.0,54.2
3191,14.7,42.9
3192,13.5,23.9
3193,30.9,56.6
3194,14.7,51.7
