outcome,month,mmwr_week,age_group,vaccine_product,boosted_with_outcome,boosted_population,primary_series_only_with_outcome,primary_series_only_population,unvaccinated_with_outcome,unvaccinated_population,crude_booster_ir,crude_primary_series_only_ir,crude_unvax_ir,crude_booster_irr,crude_irr,age_adj_booster_ir,age_adj_vax_ir,age_adj_unvax_ir,age_adj_booster_irr,age_adj_irr,continuity_correction
case,SEP 2021,202138,18-49,all_types,132,319803,48206,51230638,161473,34072004,41.27541017,94.09603683,473.9169437,11.48182275,5.036523956,,,,,,0
case,SEP 2021,202138,50-64,all_types,145,412535,25721,29381214,44157,9516862,35.14853285,87.54233232,463.9869739,13.2007494,5.300144074,,,,,,0
case,SEP 2021,202138,65+,all_types,258,972306,24968,28334432,23071,4724620.55,26.53485631,88.118936,488.3143473,18.40275077,5.541537034,,,,,,1
case,SEP 2021,202138,all_ages,Janssen,12,29243,9238,9282707,228701,48313486.55,41.03546148,99.51838402,473.3688589,11.53560462,4.756597121,42.79106568,98.73166718,474.362129,11.08554137,4.804559089,0
case,SEP 2021,202138,all_ages,Moderna,190,750807,31989,43028131,228701,48313486.55,25.30610397,74.34438647,473.3688589,18.70571857,6.367244138,34.56279031,76.21770805,474.362129,13.72464794,6.223778451,0
case,SEP 2021,202138,all_ages,Pfizer,333,920344,57541,56569407,228701,48313486.55,36.18212321,101.7175237,473.3688589,13.08294862,4.653759171,40.050119,101.7329772,474.362129,11.84421272,4.662815758,0
case,SEP 2021,202138,all_ages,all_types,535,1704644,98895,108946284,228701,48313486.55,31.3848522,90.77409194,473.3688589,15.08271748,5.21480137,37.52770597,91.75423194,474.362129,12.64031778,5.169920983,0
case,SEP 2021,202139,18-49,all_types,143,398128,46167,52129277,137039,33428110,35.91809669,88.56251737,409.9513852,11.41350525,4.628949102,,,,,,0
case,SEP 2021,202139,50-64,all_types,167,505826,24898,29586377,38901,9331038,33.01530566,84.15359542,416.8989559,12.62744499,4.954024292,,,,,,0
case,SEP 2021,202139,65+,all_types,297,1235602,23925,28190101,20847,4539529.55,24.03686624,84.87021739,459.2326092,19.10534446,5.410998385,,,,,,1
case,SEP 2021,202139,all_ages,Janssen,15,33216,8748,9359249,196787,47298677.55,45.15895954,93.46903795,416.0518014,9.213051091,4.451225888,46.76693718,92.78241312,419.7460673,8.975273828,4.523983082,0
case,SEP 2021,202139,all_ages,Moderna,208,886117,30983,43381288,196787,47298677.55,23.47319824,71.42019389,416.0518014,17.72454683,5.825408457,29.08829461,72.8914879,419.7460673,14.43006793,5.758505957,0
case,SEP 2021,202139,all_ages,Pfizer,383,1215171,55183,57099331,196787,47298677.55,31.51819785,96.64386436,416.0518014,13.20036772,4.304999642,35.2124571,96.2840581,419.7460673,11.92038562,4.359455507,0
case,SEP 2021,202139,all_ages,all_types,607,2139556,94990,109905755,196787,47298677.55,28.37037217,86.42859512,416.0518014,14.66501035,4.813821176,33.308631,87.04306801,419.7460673,12.60172078,4.822280244,0
case,OCT 2021,202140,18-49,all_types,195,483007,43696,52940318,120535,32865940,40.37208571,82.53822729,366.7474595,9.084184112,4.443364869,,,,,,0
case,OCT 2021,202140,50-64,all_types,170,605909,23633,29756722,34865,9165362,28.05701846,79.42071039,380.3995958,13.55809051,4.789677578,,,,,,0
case,OCT 2021,202140,65+,all_types,344,1572617,22811,27962757,19022,4384362.55,21.8743661,81.57636245,433.8601058,19.8341796,5.31845369,,,,,,1
case,OCT 2021,202140,all_ages,Janssen,15,36609,8411,9430184,174422,46415664.55,40.9735311,89.19232117,375.7826193,9.171350606,4.213172326,38.07239832,88.95666257,380.9328363,10.00548568,4.282229406,0
case,OCT 2021,202140,all_ages,Moderna,245,1018229,29889,43640026,174422,46415664.55,24.06138501,68.4898767,375.7826193,15.6176637,5.486688506,36.45795503,69.52174465,380.9328363,10.44855193,5.479333671,0
case,OCT 2021,202140,all_ages,Pfizer,447,1600901,51714,57523816,174422,46415664.55,27.92177655,89.90015544,375.7826193,13.45840651,4.179999661,33.74692147,89.32700004,380.9328363,11.28792849,4.264475871,0
case,OCT 2021,202140,all_ages,all_types,709,2661533,90140,110659797,174422,46415664.55,26.63878299,81.45686369,375.7826193,14.10659862,4.613271396,34.73440805,81.74459608,380.9328363,10.96701679,4.660036927,0
case,OCT 2021,202141,18-49,all_types,204,747895,39841,53407098,102463,32367768,27.2765562,74.59869847,316.5587445,11.60552462,4.243488841,,,,,,0
case,OCT 2021,202141,50-64,all_types,190,871807,21465,29711255,30443,9014636,21.79381446,72.24534945,337.70637,15.49551459,4.67443749,,,,,,0
case,OCT 2021,202141,65+,all_types,465,2759081,20017,26898519,17014,4253506.55,16.85343779,74.41673648,399.999384,23.73399356,5.375126658,,,,,,1
case,OCT 2021,202141,all_ages,Janssen,7,40136,7720,9494097,149920,45635910.55,17.44070162,81.31368365,328.5132217,18.83600952,4.040073047,18.28185674,80.94474948,335.0386269,18.32629101,4.139102648,0
case,OCT 2021,202141,all_ages,Moderna,217,1131760,27761,43838471,149920,45635910.55,19.1736764,63.3256575,328.5132217,17.13355409,5.187679602,24.288704,63.92266187,335.0386269,13.79401004,5.24131219,0
case,OCT 2021,202141,all_ages,Pfizer,633,3199094,45740,56619957,149920,45635910.55,19.78685215,80.78423656,328.5132217,16.60260152,4.066551046,24.68881146,80.45989979,335.0386269,13.57046399,4.164044794,0
case,OCT 2021,202141,all_ages,all_types,859,4378783,81323,110016872,149920,45635910.55,19.6173229,73.91866222,328.5132217,16.74607812,4.444252802,24.39411237,74.09225053,335.0386269,13.73440533,4.521911866,0
case,OCT 2021,202142,18-49,all_types,238,1117209,38144,53688094,93722,31914563,21.30308653,71.04740951,293.6653088,13.78510614,4.133371095,,,,,,0
case,OCT 2021,202142,50-64,all_types,257,1252198,20866,29526057,27315,8868102,20.52391076,70.66978161,308.0140486,15.00757103,4.358497246,,,,,,0
case,OCT 2021,202142,65+,all_types,607,3995297,18133,25774634,15402,4141791.25,15.19286301,70.35211441,371.8680897,24.47649857,5.285812556,,,,,,1
case,OCT 2021,202142,all_ages,Janssen,8,48854,7654,9548126,136439,44924456.25,16.37532239,80.16232714,303.707627,18.54666551,3.788657812,17.36578027,79.64732842,309.8797196,17.84427275,3.890648008,0
case,OCT 2021,202142,all_ages,Moderna,228,1260727,26695,43940922,136439,44924456.25,18.08480345,60.75202519,303.707627,16.79352655,4.999135848,20.49137004,61.09354705,309.8797196,15.12245004,5.072216864,0
case,OCT 2021,202142,all_ages,Pfizer,864,5044872,42601,55437148,136439,44924456.25,17.12630172,76.84558376,303.707627,17.73340398,3.952180621,20.0595625,76.47212381,309.8797196,15.44797997,4.052191886,0
case,OCT 2021,202142,all_ages,all_types,1102,6364704,77143,108988785,136439,44924456.25,17.31423802,70.78067711,303.707627,17.54091786,4.29082681,20.1052887,70.85272794,309.8797196,15.41284606,4.373575,0
case,OCT 2021,202143,18-49,all_types,447,1504810,41240,53865053,95147,31444496,29.70474678,76.56169948,302.5871364,10.18649102,3.95219984,,,,,,0
case,OCT 2021,202143,50-64,all_types,358,1672359,21845,29274554,27628,8679466,21.40688692,74.62111976,318.3145138,14.86972464,4.265742927,,,,,,0
case,OCT 2021,202143,65+,all_types,799,5059784,18077,24805595,15029,3967269.25,15.79118792,72.87468815,378.824805,23.98963313,5.198304303,,,,,,1
case,OCT 2021,202143,all_ages,Janssen,38,76815,8195,9581275,137804,44091231.25,49.46950465,85.53141414,312.542871,6.317889641,3.654129587,49.68814711,85.13735458,318.7454887,6.414920001,3.743897027,0
case,OCT 2021,202143,all_ages,Moderna,303,1470540,29096,43950655,137804,44091231.25,20.60467583,66.20151622,312.542871,15.16854104,4.721083274,30.79494198,66.92109754,318.7454887,10.35057929,4.7630045,0
case,OCT 2021,202143,all_ages,Pfizer,1261,6677760,43552,54351834,137804,44091231.25,18.88357773,80.12977078,312.542871,16.5510411,3.900458817,24.61386733,79.97043048,318.7454887,12.94983371,3.985791834,0
case,OCT 2021,202143,all_ages,all_types,1604,8236953,81162,107945202,137804,44091231.25,19.47322026,75.18814963,312.542871,16.04988116,4.156810249,25.65923254,75.54184925,318.7454887,12.4222534,4.219455731,0
case,NOV 2021,202144,18-49,all_types,678,1928117,48441,53944151,98124,30980321,35.1638412,89.79842875,316.7300946,9.007266663,3.527122902,,,,,,0
case,NOV 2021,202144,50-64,all_types,472,2144830,23029,28952592,27793,8494189,22.0064061,79.54037414,327.20016,14.86840507,4.11363617,,,,,,0
case,NOV 2021,202144,65+,all_types,976,6096627,17370,23857167,14704,3821957.25,16.00885211,72.80830955,384.7243451,24.03197572,5.284071934,,,,,,1
case,NOV 2021,202144,all_ages,Janssen,19,125804,9584,9596277,140621,43296467.25,15.10285842,99.87206497,324.7863138,21.50495654,3.252023616,16.47047604,99.75105332,330.4226814,20.06151375,3.312473106,0
case,NOV 2021,202144,all_ages,Moderna,336,1852728,31256,43772004,140621,43296467.25,18.13541977,71.40637198,324.7863138,17.90894934,4.548422008,25.97274215,74.17135503,330.4226814,12.72190204,4.454855668,0
case,NOV 2021,202144,all_ages,Pfizer,1767,8177673,47703,53325385,140621,43296467.25,21.6076138,89.45645681,324.7863138,15.03110509,3.630663738,30.31153129,89.93661381,330.4226814,10.90089043,3.673950657,0
case,NOV 2021,202144,all_ages,all_types,2126,10169574,88840,106753910,140621,43296467.25,20.90549712,83.21943431,324.7863138,15.53592875,3.902770027,29.24406144,84.8330415,330.4226814,11.2987959,3.894976244,0
case,NOV 2021,202145,18-49,all_types,873,2636873,53359,53688105,106638,30544963,33.10739653,99.38700574,349.1181181,10.54501878,3.512713916,,,,,,0
case,NOV 2021,202145,50-64,all_types,709,2992046,26188,28252118,30919,8320464,23.69615975,92.69393537,371.6018722,15.68194493,4.008912457,,,,,,0
case,NOV 2021,202145,65+,all_types,1279,8149109,17991,21931189,15917,3702102.6,15.69496739,82.03385599,429.9448643,27.39380425,5.241066132,,,,,,1
case,NOV 2021,202145,all_ages,Janssen,101,368802,10712,9426115,153474,42567529.6,27.38596862,113.6417283,360.5424168,13.1652242,3.172623491,28.4222634,113.7064783,367.422887,12.9272916,3.231327649,0
case,NOV 2021,202145,all_ages,Moderna,560,3773803,34340,42090833,153474,42567529.6,14.83914237,81.58546066,360.5424168,24.29671525,4.419199376,20.85661681,83.79645212,367.422887,17.61661014,4.384706962,0
case,NOV 2021,202145,all_ages,Pfizer,2192,9618858,52280,52296989,153474,42567529.6,22.78856804,99.96751438,360.5424168,15.82119667,3.606595793,30.40518787,100.0147767,367.422887,12.08421696,3.673686021,0
case,NOV 2021,202145,all_ages,all_types,2861,13778028,97538,103871412,153474,42567529.6,20.76494546,93.90264186,360.5424168,17.36303221,3.839534327,28.24119274,95.08006793,367.422887,13.01017596,3.864352382,0
case,NOV 2021,202146,18-49,all_types,1308,3550602,57757,53199767,113297,30075543,36.83882339,108.566265,376.7080781,10.22584446,3.469844691,,,,,,0
case,NOV 2021,202146,50-64,all_types,1015,4004939,28934,27381976,34448,8123542,25.34370686,105.6680497,424.051479,16.73202272,4.013052955,,,,,,0
case,NOV 2021,202146,65+,all_types,1710,10171049,18559,20028760,18158,3588641.6,16.81242515,92.6617524,505.9853288,30.09591563,5.460562915,,,,,,1
case,NOV 2021,202146,all_ages,Janssen,188,652659,11563,9227498,165903,41787726.6,28.80524133,125.3102412,397.0137011,13.78268964,3.168246245,31.88331869,124.7216584,408.2850022,12.80559926,3.273569381,0
case,NOV 2021,202146,all_ages,Moderna,1020,6030012,35970,40069259,165903,41787726.6,16.91538922,89.76956624,397.0137011,23.47056257,4.422586827,24.2807715,91.33824527,408.2850022,16.81515771,4.470033347,0
case,NOV 2021,202146,all_ages,Pfizer,2821,11023776,57466,51259596,165903,41787726.6,25.59014262,112.1077895,397.0137011,15.51432155,3.541356964,33.86808817,111.7770113,408.2850022,12.05515352,3.652674172,0
case,NOV 2021,202146,all_ages,all_types,4033,17726590,105250,100610503,165903,41787726.6,22.75113262,104.6113446,397.0137011,17.45028293,3.795130467,31.10652197,105.272688,408.2850022,13.1253826,3.878356389,0
case,NOV 2021,202147,18-49,all_types,1581,4579814,53165,52546735,100310,29620246,34.5210526,101.1766002,338.6535007,9.810057203,3.347152405,,,,,,0
case,NOV 2021,202147,50-64,all_types,1139,5002607,26379,26509071,31498,7925410,22.7681287,99.50933399,397.430543,17.45556468,3.99390215,,,,,,0
case,NOV 2021,202147,65+,all_types,1964,11789475,16559,18506378,17228,3518440.75,16.65892671,89.47726022,489.6487173,29.39257287,5.472325774,,,,,,1
case,NOV 2021,202147,all_ages,Janssen,248,906317,10458,9053634,149036,41064096.75,27.36349423,115.5116277,362.9350498,13.26347603,3.141978492,29.14752202,114.9740565,376.2383256,12.90807244,3.272375848,0
case,NOV 2021,202147,all_ages,Moderna,1313,8054558,32172,38244120,149036,41064096.75,16.30132901,84.12273573,362.9350498,22.26413868,4.314351485,21.83613977,85.29544241,376.2383256,17.23007498,4.411001513,0
case,NOV 2021,202147,all_ages,Pfizer,3114,12388195,53280,50212760,149036,41064096.75,25.1368339,106.1084872,362.9350498,14.43837563,3.420414893,32.84482925,105.7093252,376.2383256,11.45502455,3.559178198,0
case,NOV 2021,202147,all_ages,all_types,4684,21371896,96103,97562184,149036,41064096.75,21.91663295,98.50435493,362.9350498,16.55979962,3.684456896,29.10517039,98.84772745,376.2383256,12.92685528,3.806241532,0
case,DEC 2021,202148,18-49,all_types,2846,5845384,80663,51640618,153432,29147007,48.68799039,156.2006868,526.4073941,10.81185298,3.370070931,,,,,,0
case,DEC 2021,202148,50-64,all_types,2088,6203291,37832,25434249,44939,7720002.3,33.65955265,148.7443172,582.1112255,17.29408681,3.913502288,,,,,,1
case,DEC 2021,202148,65+,all_types,3478,13305590,21537,17081772,22964,3435239.75,26.13938954,126.0817672,668.4831823,25.57378708,5.301981384,,,,,,1
case,DEC 2021,202148,all_ages,Janssen,522,1163601,15125,8871697,221335,40302249.05,44.86073835,170.4859848,549.1877134,12.24205694,3.2213071,49.2412016,169.5164447,561.8526217,11.41021347,3.314443166,0
case,DEC 2021,202148,all_ages,Moderna,2405,10126723,45565,36362280,221335,40302249.05,23.74904498,125.308424,549.1877134,23.12462307,4.382687898,30.04541469,127.8656013,561.8526217,18.70011207,4.394087354,0
case,DEC 2021,202148,all_ages,Pfizer,5469,14038547,79043,48873180,221335,40302249.05,38.95702312,161.7308307,549.1877134,14.09727103,3.395689684,47.670287,161.1625889,561.8526217,11.78622276,3.486247184,0
case,DEC 2021,202148,all_ages,all_types,8412,25354265,140032,94156639,221335,40302249.05,33.17784996,148.7223859,549.1877134,16.55284215,3.692703759,41.81237413,149.5659331,561.8526217,13.43747236,3.756554787,0
case,DEC 2021,202149,18-49,all_types,3772,7320643,74579,50481429,141480,28606342,51.52552856,147.7355168,494.5756434,9.598652497,3.347709842,,,,,,0
case,DEC 2021,202149,50-64,all_types,2517,7502964,33924,24247974,42923,7499770.3,33.54674233,139.904472,572.324195,17.06049993,4.090821307,,,,,,1
case,DEC 2021,202149,65+,all_types,3450,14449514,18191,16007370,22385,3363314.75,23.87623556,113.6414039,665.5636378,27.87556841,5.856700241,,,,,,1
case,DEC 2021,202149,all_ages,Janssen,669,1401535,13604,8699029,206788,39469427.05,47.73337805,156.3852701,523.919437,10.97595558,3.350184046,51.58473824,155.1392498,539.3975598,10.45653382,3.476860694,0
case,DEC 2021,202149,all_ages,Moderna,2899,12002041,41313,34646230,206788,39469427.05,24.1542251,119.2424111,523.919437,21.6905918,4.39373401,34.63863709,122.0346154,539.3975598,15.57213577,4.420037363,0
case,DEC 2021,202149,all_ages,Pfizer,6158,15841599,71578,47344525,206788,39469427.05,38.87233858,151.1853799,523.919437,13.47795003,3.465410725,47.68858552,150.5723892,539.3975598,11.3108316,3.582313881,0
case,DEC 2021,202149,all_ages,all_types,9739,29273121,126694,90736773,206788,39469427.05,33.26942829,139.6280646,523.919437,15.74777398,3.752250227,43.18534609,140.3482167,539.3975598,12.49029147,3.843280466,0
case,DEC 2021,202150,18-49,all_types,15714,8868544,149089,49243709,202989,28093971,177.188048,302.7574548,722.5358067,4.077790883,2.38651698,,,,,,0
case,DEC 2021,202150,50-64,all_types,6633,8826317,44551,23038342,48049,7316026.65,75.15025803,193.3776311,656.7636,8.739339254,3.396274927,,,,,,1
case,DEC 2021,202150,65+,all_types,6292,15483415,19053,15041449,22733,3300984.75,40.63703001,126.6699771,688.6732815,16.94693932,5.436752239,,,,,,1
case,DEC 2021,202150,all_ages,Janssen,2038,1628354,20049,8534934,273771,38710982.4,125.1570604,234.9051557,707.2179083,5.650643326,3.010652986,153.5833942,234.6906483,703.4816287,4.580453716,2.997484705,0
case,DEC 2021,202150,all_ages,Moderna,8730,13844007,67721,32963809,273771,38710982.4,63.05977742,205.4404574,707.2179083,11.21503972,3.442447106,109.3274497,222.5963018,703.4816287,6.434629459,3.160347334,0
case,DEC 2021,202150,all_ages,Pfizer,17845,17675809,124697,45779828,273771,38710982.4,100.9571896,272.3841601,707.2179083,7.00512674,2.596398807,145.9615005,272.9722537,703.4816287,4.819638236,2.577117708,0
case,DEC 2021,202150,all_ages,all_types,28639,33178276,212693,87323500,273771,38710982.4,86.31852963,243.5690278,707.2179083,8.193118109,2.903562553,133.3222963,250.6765449,703.4816287,5.276548998,2.806332077,0
case,DEC 2021,202151,18-49,all_types,46797,10853946,332050,47603314,378260,27535764,431.1519516,697.5354699,1373.704394,3.186125887,1.969368517,,,,,,0
case,DEC 2021,202151,50-64,all_types,22955,10404693,89905,21587405,76632,7125363.65,220.6215984,416.4696961,1075.481951,4.874780888,2.582377448,,,,,,1
case,DEC 2021,202151,65+,all_types,18124,16611705,30332,13986931,32788,3243403.3,109.1037916,216.8595813,1010.913444,9.265612398,4.66160378,,,,,,1
case,DEC 2021,202151,all_ages,Janssen,5700,1907497,36691,8325752,487680,37904530.95,298.8209156,440.6929248,1286.600804,4.305591533,2.919495031,346.0715351,438.9241844,1251.680516,3.616825972,2.851700956,0
case,DEC 2021,202151,all_ages,Moderna,28104,15972554,145748,31012610,487680,37904530.95,175.9518234,469.9636696,1286.600804,7.312233426,2.737660137,283.3399871,511.5386023,1251.680516,4.417592196,2.446893569,0
case,DEC 2021,202151,all_ages,Pfizer,54013,19957494,269508,43796995,487680,37904530.95,270.6401916,615.3572865,1286.600804,4.753916248,2.090819159,366.1371264,613.906069,1251.680516,3.418611296,2.038879528,0
case,DEC 2021,202151,all_ages,all_types,87876,37870344,452287,83177650,487680,37904530.95,232.044367,543.7602529,1286.600804,5.544632783,2.366117783,333.7823865,558.9058705,1251.680516,3.749989714,2.239519358,0
case,DEC 2021,202152,12-17,all_types,462,146626,81163,8593129,95636,7022475,315.0873651,944.5104339,1361.856041,4.322153763,1.441864475,,,,,,0
case,DEC 2021,202152,18-49,all_types,112276,12767287,683031,45998983,797766,27068084,879.4037449,1484.882829,2947.256998,3.351426481,1.984841458,,,,,,0
case,DEC 2021,202152,50-64,all_types,70723,11757086,219706,20344699,181541,6975972.65,601.5351083,1079.917673,2602.375455,4.326223722,2.409790598,,,,,,1
case,DEC 2021,202152,65+,all_types,63867,17505890,80103,13151838,77168,3201123.3,364.8314939,609.0631591,2410.653785,6.607581379,3.957970121,,,,,,1
case,DEC 2021,202152,all_ages,Janssen,14672,2161277,74484,8139345,1152111,44267654.95,678.8579159,915.1104911,2602.602287,3.833795299,2.844030652,699.3616526,854.727503,2638.328833,3.77248141,3.086748494,0
case,DEC 2021,202152,all_ages,Moderna,84238,17771342,333270,29395930,1152111,44267654.95,474.0103477,1133.728377,2602.602287,5.490602261,2.295613606,618.0865538,1138.03679,2638.328833,4.268542677,2.318315943,0
case,DEC 2021,202152,all_ages,Pfizer,148291,22209322,655652,50510840,1152111,44267654.95,667.6971048,1298.042163,2602.602287,3.897878646,2.005021379,746.0290638,1316.598439,2638.328833,3.536496044,2.003897889,0
case,DEC 2021,202152,all_ages,all_types,247328,42176889,1064003,88088649,1152111,44267654.95,586.4064559,1207.877533,2602.602287,4.438222432,2.154690535,691.9841421,1221.814195,2638.328833,3.812701293,2.159353561,0
case,JAN 2022,202201,12-17,all_types,2167,308258,152812,8493413,170074,6923470,702.9825666,1799.182496,2456.484971,3.494375377,1.365333965,,,,,,0
case,JAN 2022,202201,18-49,all_types,198281,14747418,856578,44296550,1012647,26588560,1344.513324,1933.735246,3808.581585,2.832684152,1.969546552,,,,,,0
case,JAN 2022,202201,50-64,all_types,114875,12995851,274480,19202566,247479,6835061.65,883.9359577,1429.392301,3620.728132,4.096143052,2.533054172,,,,,,1
case,JAN 2022,202201,65+,all_types,95710,18280680,104322,12429465,110391,3163287.6,523.5582046,839.3120701,3489.755405,6.665458347,4.157875871,,,,,,1
case,JAN 2022,202201,all_ages,Janssen,25483,2429024,95589,7914470,1540591,43510379.25,1049.104496,1207.775126,3540.743672,3.375015248,2.931624933,1060.080816,1134.32713,3585.538399,3.38232552,3.16093859,0
case,JAN 2022,202201,all_ages,Moderna,142651,19441842,426269,27875568,1540591,43510379.25,733.731917,1529.184984,3540.743672,4.825663966,2.315444966,987.588031,1543.631855,3585.538399,3.63060131,2.322793733,0
case,JAN 2022,202201,all_ages,Pfizer,242699,24424259,865508,48591506,1540591,43510379.25,993.6800949,1781.191964,3540.743672,3.563263157,1.987850689,1135.475198,1766.068544,3585.538399,3.157742596,2.030237395,0
case,JAN 2022,202201,all_ages,all_types,411033,46332207,1388192,84421994,1540591,43510379.25,887.1431486,1644.348746,3540.743672,3.991175131,2.153280245,1069.244544,1661.450378,3585.538399,3.353338036,2.158077332,0
case,JAN 2022,202202,12-17,all_types,2926,467357,145748,8393641,184457,6816098,626.0738579,1736.409742,2706.196419,4.322487491,1.558501058,,,,,,0
case,JAN 2022,202202,18-49,all_types,173499,16268154,623680,43024773,805271,26083350,1066.494699,1449.583476,3087.298986,2.8948095,2.129783511,,,,,,1
case,JAN 2022,202202,50-64,all_types,103409,13867803,215315,18412133,214083,6706472.05,745.6768747,1169.4191,3192.185077,4.280922724,2.729718608,,,,,,1
case,JAN 2022,202202,65+,all_types,91802,18770230,92114,11979200,103826,3131305.6,489.0829787,768.9495125,3315.741523,6.779507093,4.312040608,,,,,,1
case,JAN 2022,202202,all_ages,Janssen,22806,2629541,72849,7747261,1307637,42737225.65,867.2996542,940.3194239,3059.714289,3.527862918,3.253909482,880.110119,903.3605967,3101.580132,3.52408189,3.433379919,0
case,JAN 2022,202202,all_ages,Moderna,132668,20633455,331416,26805366,1307637,42737225.65,642.975207,1236.379313,3059.714289,4.758681604,2.474737532,836.6759345,1256.152037,3101.580132,3.707026824,2.469112051,0
case,JAN 2022,202202,all_ages,Pfizer,215923,26072196,671839,47217897,1307637,42737225.65,828.1734304,1422.848205,3059.714289,3.694533267,2.150415117,917.2410147,1384.861055,3101.580132,3.381423292,2.239632721,0
case,JAN 2022,202202,all_ages,all_types,371636,49373544,1076857,81809747,1307637,42737225.65,752.7027025,1316.294255,3059.714289,4.064970511,2.324491106,874.5733531,1324.778159,3101.580132,3.546392216,2.341207176,0
case,JAN 2022,202203,12-17,all_types,2909,678500,98786,8257764,127740,6713377,428.7398674,1196.280252,1902.76816,4.438048114,1.590570568,,,,,,0
case,JAN 2022,202203,18-49,all_types,150906,17772892,428314,41789571,580820,25692930,849.0795983,1024.930359,2260.621891,2.662438122,2.205634628,,,,,,1
case,JAN 2022,202203,50-64,all_types,86266,14683472,149683,17680234,161214,6623082.05,587.5040998,846.612098,2434.123551,4.143160111,2.875134382,,,,,,1
case,JAN 2022,202203,65+,all_types,79884,19230838,71295,11559016,85396,3106404.6,415.3953145,616.7912563,2749.030181,6.617865163,4.456986303,,,,,,1
case,JAN 2022,202203,all_ages,Janssen,19655,2825069,51616,7588317,955170,42135793.65,695.7352192,680.2035287,2266.885034,3.258258273,3.332656974,709.6269402,649.8177365,2329.408622,3.282582003,3.584710745,1
case,JAN 2022,202203,all_ages,Moderna,117035,21778304,237362,25798902,955170,42135793.65,537.3926271,920.0469074,2266.885034,4.218303191,2.463879847,691.5072337,913.2041921,2329.408622,3.368596175,2.55080807,1
case,JAN 2022,202203,all_ages,Pfizer,183013,27722797,458454,45861261,955170,42135793.65,660.153447,999.6541526,2266.885034,3.433875933,2.267669301,719.335683,975.5122426,2329.408622,3.238277591,2.38788251,1
case,JAN 2022,202203,all_ages,all_types,319965,52365702,748078,79286585,955170,42135793.65,611.0201674,943.5114402,2266.885034,3.710000348,2.402604714,691.901021,948.1561638,2329.408622,3.366678978,2.456777387,1
case,JAN 2022,202204,12-17,all_types,3112,1075944,52473,7945214,72908,6633749,289.2343839,660.4353262,1099.046708,3.799848044,1.664124653,,,,,,0
case,JAN 2022,202204,18-49,all_types,105875,19253082,241154,40582339,367159,25357225,549.911957,594.2338612,1447.946295,2.633051122,2.436660699,,,,,,1
case,JAN 2022,202204,50-64,all_types,60834,15448765,89314,16998553,110958,6542537.05,393.7790497,525.4211932,1695.947599,4.306850759,3.227786813,,,,,,1
case,JAN 2022,202204,65+,all_types,60040,19673100,49201,11156468,66034,3083013.6,305.1883028,441.0087494,2141.865349,7.018176415,4.856741169,,,,,,1
case,JAN 2022,202204,all_ages,Janssen,13360,3017979,29803,7435052,617059,41616524.65,442.68035,400.8445402,1482.725925,3.349427922,3.699004917,469.8409491,371.0646318,1562.510571,3.325615986,4.210885213,1
case,JAN 2022,202204,all_ages,Moderna,85183,22866599,141040,24845106,617059,41616524.65,372.5215105,567.6771916,1482.725925,3.980242437,2.611917383,454.5296486,552.8325256,1562.510571,3.437642795,2.826372363,1
case,JAN 2022,202204,all_ages,Pfizer,131080,29525572,260842,44365491,617059,41616524.65,443.9541425,587.9389456,1482.725925,3.339817749,2.521904589,475.3623589,578.8095104,1562.510571,3.286988425,2.699524702,1
case,JAN 2022,202204,all_ages,all_types,229861,55450891,432142,76682574,617059,41616524.65,414.5307602,563.5465497,1482.725925,3.576877924,2.631062022,457.2352712,565.2672523,1562.510571,3.417301047,2.764197935,1
case,FEB 2022,202205,12-17,all_types,2325,1420371,25534,7677595,36587,6577052,163.6896276,332.5781055,556.2826628,3.398398977,1.672637656,,,,,,0
case,FEB 2022,202205,18-49,all_types,63489,20369840,120483,39696171,195063,25104751,311.6813878,303.5129005,776.9963542,2.492918681,2.560010968,,,,,,1
case,FEB 2022,202205,50-64,all_types,36420,15997844,46086,16517840,62792,6489058.7,227.6556766,279.0074247,967.6596083,4.250540214,3.468221713,,,,,,1
case,FEB 2022,202205,65+,all_types,39128,19985475,29264,10875694,41968,3067657.6,195.7821868,269.0770814,1368.079671,6.987763766,5.084341125,,,,,,1
case,FEB 2022,202205,all_ages,Janssen,7942,3161458,15570,7320214,336410,41238519.3,251.2132061,212.6986998,815.7664381,3.247307141,3.835314644,237.7133049,202.0972525,878.7960347,3.696873572,4.348381899,1
case,FEB 2022,202205,all_ages,Moderna,53209,23647644,72933,24179077,336410,41238519.3,225.007616,301.6368243,815.7664381,3.625505895,2.704465677,266.5067591,291.3808975,878.7960347,3.297462465,3.015969963,1
case,FEB 2022,202205,all_ages,Pfizer,80029,30922842,132576,43231896,336410,41238519.3,258.8022149,306.6624698,815.7664381,3.152084453,2.660144356,271.7198642,303.9446829,878.7960347,3.234198712,2.891302544,1
case,FEB 2022,202205,all_ages,all_types,141362,57773530,221367,74767300,336410,41238519.3,244.6829889,296.0746209,815.7664381,3.333972834,2.755273099,263.417377,296.8390194,878.7960347,3.336135394,2.960513873,1
case,FEB 2022,202206,12-17,all_types,1716,1649947,13533,7527175,19301,6518177,104.0033407,179.7885661,296.1104002,2.84712393,1.64699239,,,,,,0
case,FEB 2022,202206,18-49,all_types,41537,21238722,66143,39056142,109617,24880704,195.5720311,169.3536448,440.5703311,2.252726674,2.601481247,,,,,,1
case,FEB 2022,202206,50-64,all_types,22977,16417349,26050,16161495,36691,6445865.7,139.9556043,161.1855834,569.2175684,4.067129511,3.531442183,,,,,,1
case,FEB 2022,202206,65+,all_types,26588,20231252,18338,10658307,27629,3051801.6,131.420438,172.0535916,905.334082,6.888837805,5.261930736,,,,,,1
case,FEB 2022,202206,all_ages,Janssen,5056,3270588,8996,7235273,193238,40896548.3,154.5899392,124.3353222,472.504424,3.056501779,3.800242888,156.3816743,115.9621431,519.7832024,3.323811468,4.482352502,1
case,FEB 2022,202206,all_ages,Moderna,35034,24236075,40803,23696453,193238,40896548.3,144.5531094,172.1903274,472.504424,3.268725426,2.744082268,154.1776753,159.6299977,519.7832024,3.37132598,3.256174966,1
case,FEB 2022,202206,all_ages,Pfizer,52619,31988461,74064,42435813,193238,40896548.3,164.4936904,174.5318276,472.504424,2.872477497,2.707267955,171.8367122,174.2103976,519.7832024,3.024867012,2.983652007,1
case,FEB 2022,202206,all_ages,all_types,92818,59537270,124064,73403119,193238,40896548.3,155.8989856,169.0173411,472.504424,3.030837065,2.79559731,166.2060969,169.3701071,519.7832024,3.127341368,3.06891937,1
case,FEB 2022,202207,12-17,all_types,1197,1801507,7111,7448801,9957,6479379,66.4443713,95.46502853,153.6721343,2.312793865,1.609721766,,,,,,0
case,FEB 2022,202207,18-49,all_types,25975,21859897,36166,38659983,63331,24705191,118.8248966,93.54892888,256.3469353,2.157350376,2.740244473,,,,,,1
case,FEB 2022,202207,50-64,all_types,14031,16716495,14078,15920552,20935,6415606.7,83.93505935,88.42658219,326.3136439,3.887691823,3.690221151,,,,,,1
case,FEB 2022,202207,65+,all_types,16708,20406975,10931,10507105,16707,3041238.6,81.87396711,104.0343653,549.348545,6.709685196,5.280452698,,,,,,1
case,FEB 2022,202207,all_ages,Janssen,3084,3353018,5014,7172505,110930,40641415.3,91.97683997,69.90584182,272.9481717,2.967575009,3.904511619,97.26807414,68.04317481,303.0641641,3.115761947,4.453997994,1
case,FEB 2022,202207,all_ages,Moderna,21921,24647481,22775,23388918,110930,40641415.3,88.93809473,97.37517571,272.9481717,3.068968056,2.803057039,99.15809333,91.75618547,303.0641641,3.056373453,3.30292898,1
case,FEB 2022,202207,all_ages,Pfizer,32818,32741817,40378,41939823,110930,40641415.3,100.232678,96.27603817,272.9481717,2.723145556,2.835058202,105.201528,96.73097312,303.0641641,2.88079622,3.133062289,1
case,FEB 2022,202207,all_ages,all_types,57911,60784874,68286,72536441,110930,40641415.3,95.27205732,94.14026806,272.9481717,2.864934162,2.899377464,101.4309804,94.4203792,303.0641641,2.987885585,3.209732545,1
case,FEB 2022,202208,12-17,all_types,723,1915895,3541,7401478,5184,6440058,37.73693235,47.84179592,80.49616944,2.133087255,1.682549074,,,,,,0
case,FEB 2022,202208,18-49,all_types,17615,22335133,20904,38387352,38513,24575360,78.86677908,54.45543626,156.7138793,1.987070869,2.877837183,,,,,,1
case,FEB 2022,202208,50-64,all_types,9247,16953116,8070,15737123,12430,6393513.7,54.54454509,51.28002113,194.4157874,3.564348865,3.791257942,,,,,,1
case,FEB 2022,202208,65+,all_types,11484,20547665,6662,10390183,10607,3034198.6,55.88956215,64.11821621,349.5815996,6.254863809,5.452141689,,,,,,1
case,FEB 2022,202208,all_ages,Janssen,1982,3417626,2761,7125349,66734,40443130.3,57.99347266,38.74897917,165.0070099,2.845268653,4.258357597,54.55409117,36.44366981,185.0566625,3.392168369,5.077882207,1
case,FEB 2022,202208,all_ages,Moderna,14729,24966960,13088,23180320,66734,40443130.3,58.99396643,56.46168819,165.0070099,2.797015014,2.922459727,59.92129299,53.81125286,185.0566625,3.088328927,3.438995612,1
case,FEB 2022,202208,all_ages,Pfizer,22301,33324364,23254,41575555,66734,40443130.3,66.92100711,55.93190518,165.0070099,2.465698246,2.950141057,69.66001723,57.01016045,185.0566625,2.656569289,3.246029497,1
case,FEB 2022,202208,all_ages,all_types,39069,61751809,39177,71916136,66734,40443130.3,63.26778216,54.47595238,165.0070099,2.608073244,3.02898807,66.6865902,54.66827731,185.0566625,2.775020614,3.385083115,1
case,MAR 2022,202209,12-17,all_types,731,2005337,2609,7364463,3659,6410744,36.4527259,35.4268872,57.07605857,1.565755569,1.611094371,,,,,,0
case,MAR 2022,202209,18-49,all_types,13822,22737855,14179,38162085,25628,24439274,60.78849566,37.15467853,104.8639988,1.725063233,2.822363239,,,,,,1
case,MAR 2022,202209,50-64,all_types,7048,17146406,5509,15586056,8627,6370231.7,41.10482395,35.34569618,135.4267852,3.294668902,3.831492935,,,,,,1
case,MAR 2022,202209,65+,all_types,8265,20659582,4580,10297324,7332,3025465.6,40.00564968,44.47757495,242.3428645,6.057716009,5.448652828,,,,,,1
case,MAR 2022,202209,all_ages,Janssen,1577,3472414,1995,7088772,45246,40245715.3,45.41509163,28.14309728,112.4243902,2.475485266,3.994741199,42.85546063,25.84439582,126.414082,2.949777697,4.891353734,1
case,MAR 2022,202209,all_ages,Moderna,10983,25229250,8874,23005791,45246,40245715.3,43.53280419,38.57289671,112.4243902,2.582521211,2.914595474,44.98696221,34.95309888,126.414082,2.810015964,3.616677376,1
case,MAR 2022,202209,all_ages,Pfizer,17284,33804421,15984,41280664,45246,40245715.3,51.12940701,38.72030741,112.4243902,2.198820537,2.903499422,54.13277054,39.1975755,126.414082,2.335259783,3.225048497,1
case,MAR 2022,202209,all_ages,all_types,29866,62549180,26877,71409928,45246,40245715.3,47.74802803,37.63762372,112.4243902,2.354534728,2.987021471,51.52664399,37.76515511,126.414082,2.453373093,3.347373567,1
case,MAR 2022,202210,12-17,all_types,604,2094990,1828,7318867,2612,6386872,28.83068654,24.9765435,40.89638872,1.418502076,1.637391848,,,,,,0
case,MAR 2022,202210,18-49,all_types,11414,23100574,9945,37945310,18349,24331527,49.41002765,26.20877257,75.4124474,1.526257948,2.877374253,,,,,,1
case,MAR 2022,202210,50-64,all_types,5390,17308004,3639,15458853,6003,6351892.7,31.1416614,23.53990946,94.50726395,3.034753437,4.014767521,,,,,,1
case,MAR 2022,202210,65+,all_types,6362,20747875,2969,10224592,5039,3018986.6,30.66338119,29.03783349,166.9103135,5.443310785,5.748029157,,,,,,1
case,MAR 2022,202210,all_ages,Janssen,1229,3517589,1403,7058135,32003,40089278.3,34.93870375,19.87777224,79.82932434,2.284839326,4.016009609,33.25455607,19.54931637,89.24782969,2.68377751,4.565266017,1
case,MAR 2022,202210,all_ages,Moderna,8622,25451544,5948,22851056,32003,40089278.3,33.87613734,26.02943164,79.82932434,2.356506102,3.066886955,43.28036688,25.52251603,89.24782969,2.062085794,3.496827256,1
case,MAR 2022,202210,all_ages,Pfizer,13891,34239008,11001,41003922,32003,40089278.3,40.57068476,26.82914088,79.82932434,1.967660265,2.975470765,43.49547024,27.11784813,89.24782969,2.051887914,3.291110315,1
case,MAR 2022,202210,all_ages,all_types,23770,63251443,18381,70947622,32003,40089278.3,37.58017031,25.90784509,79.82932434,2.124240622,3.081279978,41.10514541,26.02929526,89.24782969,2.171208223,3.428745527,1
case,MAR 2022,202211,12-17,all_types,720,2160368,1853,7288734,2587,6363307,33.32765529,25.42279633,40.65496133,1.219856632,1.599153799,,,,,,0
case,MAR 2022,202211,18-49,all_types,11968,23399969,8872,37768692,15722,24231930,51.1453669,23.49035545,64.88133632,1.268567228,2.762041488,,,,,,1
case,MAR 2022,202211,50-64,all_types,5838,17433829,3217,15361271,5174,6334568.7,33.48661961,20.9422775,81.67880475,2.439147507,3.900187301,,,,,,1
case,MAR 2022,202211,65+,all_types,5955,20822427,2530,10163517,4356,3011754.6,28.59897168,24.89295782,144.6332978,5.057290152,5.810209411,,,,,,1
case,MAR 2022,202211,all_ages,Janssen,1234,3552875,1259,7035328,27839,39941560.3,34.732435,17.89539877,69.6993302,2.006750468,3.894818501,33.02211821,16.13455957,77.57676998,2.349236638,4.808112031,1
case,MAR 2022,202211,all_ages,Moderna,8955,25632485,5145,22725886,27839,39941560.3,34.9361367,22.63938136,69.6993302,1.995049733,3.078676448,44.70207051,22.59972012,77.57676998,1.735417825,3.432642952,1
case,MAR 2022,202211,all_ages,Pfizer,14270,34587731,10044,40786670,27839,39941560.3,41.25740425,24.62569266,69.6993302,1.689377494,2.83035004,44.80654362,24.6480178,77.57676998,1.731371441,3.147383721,1
case,MAR 2022,202211,all_ages,all_types,24481,63816593,16472,70582214,27839,39941560.3,38.36149636,23.33732405,69.6993302,1.816908536,2.986603351,42.65778402,23.44365414,77.57676998,1.818584152,3.3090733,1
case,MAR 2022,202212,12-17,all_types,838,2211569,1890,7265306,2757,6335411,37.89165068,26.01404538,43.51730298,1.148466805,1.672838743,,,,,,0
case,MAR 2022,202212,18-49,all_types,15663,23607717,10088,37661174,18519,24139732,66.34694918,26.78620693,76.71584755,1.156282972,2.864005634,,,,,,1
case,MAR 2022,202212,50-64,all_types,7010,17526382,3475,15291207,5502,6318031.7,39.9968459,22.72547877,87.08408348,2.177273771,3.832002149,,,,,,1
case,MAR 2022,202212,65+,all_types,6768,20881163,2345,10115688,4041,3005509.6,32.41198778,23.18181423,134.4530725,4.148251362,5.799937448,,,,,,1
case,MAR 2022,202212,all_ages,Janssen,1442,3578887,1318,7019666,30819,39798684.3,40.2918561,18.7758221,77.43723327,1.921907819,4.124305869,39.29815338,16.85057616,83.95643854,2.136396531,4.98240759,1
case,MAR 2022,202212,all_ages,Moderna,10821,25763942,5513,22639984,30819,39798684.3,42.00056032,24.35072392,77.43723327,1.843719052,3.180079308,50.28399674,23.80659655,83.95643854,1.669645294,3.526603996,1
case,MAR 2022,202212,all_ages,Pfizer,17977,34840359,10928,40639525,30819,39798684.3,51.5982054,26.89007807,77.43723327,1.50077377,2.879769745,56.76579837,26.95092594,83.95643854,1.478996878,3.115159707,1
case,MAR 2022,202212,all_ages,all_types,30279,64226831,17798,70333375,30819,39798684.3,47.14384865,25.30519828,77.43723327,1.642573432,3.060131457,53.44347613,25.42080245,83.95643854,1.570938955,3.302666732,1
case,MAR 2022,202213,12-17,all_types,927,2260160,1862,7241029,2797,6322187,41.01479541,25.71457731,44.24101976,1.078660013,1.720464592,,,,,,0
case,MAR 2022,202213,18-49,all_types,18112,23791523,11582,37565648,22478,24061825,76.12795532,30.83135954,93.41768548,1.227114075,3.029956734,,,,,,1
case,MAR 2022,202213,50-64,all_types,8624,17610926,3936,15226857,6237,6300344.7,48.9695999,25.84906393,98.99458358,2.021551816,3.829716382,,,,,,1
case,MAR 2022,202213,65+,all_types,7821,20937236,2588,10071225,4446,2990857.6,37.35450085,25.69697331,148.6530151,3.979520853,5.784845294,,,,,,1
case,MAR 2022,202213,all_ages,Janssen,1695,3601672,1499,7006144,35958,39675214.3,47.06147589,21.39550657,90.63089043,1.925797878,4.23597778,44.84551284,19.36296929,97.75006844,2.179706781,5.048299513,1
case,MAR 2022,202213,all_ages,Moderna,12831,25882485,6019,22562783,35958,39675214.3,49.57406524,26.67667371,90.63089043,1.828191616,3.397383475,54.06325895,26.51696371,97.75006844,1.808068369,3.686322066,1
case,MAR 2022,202213,all_ages,Pfizer,20916,35071920,12417,40501742,35958,39675214.3,59.63745355,30.65794059,90.63089043,1.519697523,2.956196297,65.4760582,31.06675849,97.75006844,1.492913152,3.14645213,1
case,MAR 2022,202213,all_ages,all_types,35484,64599845,19968,70104759,35958,39675214.3,54.92892437,28.48308772,90.63089043,1.649966597,3.181919437,61.64858574,28.61455586,97.75006844,1.58560115,3.416095952,1
case,APR 2022,202214,12-17,all_types,1283,2301882,2349,7219923,3576,6307263,55.73700129,32.53497302,56.69654175,1.017215502,1.742633741,,,,,,0
case,APR 2022,202214,18-49,all_types,24360,23958370,14522,37473114,28015,23987635,101.6763661,38.75311777,116.7893375,1.148637997,3.013675911,,,,,,1
case,APR 2022,202214,50-64,all_types,12000,17694429,5213,15161500,7913,6279776.7,67.81795558,34.38314151,126.0076652,1.858028071,3.664809545,,,,,,1
case,APR 2022,202214,65+,all_types,11199,20997228,3197,10024368,5444,2969651.6,53.33561173,31.89228488,183.321168,3.437125067,5.748135285,,,,,,1
case,APR 2022,202214,all_ages,Janssen,2118,3622578,1820,6994327,44948,39544326.3,58.46664999,26.02108823,113.6648521,1.944097226,4.36818211,66.1992761,23.55724656,122.3714156,1.848531023,5.194640012,1
case,APR 2022,202214,all_ages,Moderna,17576,25997249,7749,22484102,44948,39544326.3,67.60715336,34.46435175,113.6648521,1.681254815,3.298041203,80.18819632,31.34105911,122.3714156,1.526052726,3.904507986,1
case,APR 2022,202214,all_ages,Pfizer,29102,35288160,15697,40366534,44948,39544326.3,82.46958753,38.88617239,113.6648521,1.378263861,2.923014663,89.2243027,39.29365223,122.3714156,1.371503188,3.114279499,1
case,APR 2022,202214,all_ages,all_types,48842,64951909,25281,69878905,44948,39544326.3,75.19717396,36.17830016,113.6648521,1.511557498,3.141796369,83.39997794,36.26939492,122.3714156,1.467283548,3.373958012,1
case,APR 2022,202215,12-17,all_types,1599,2338484,2867,7200092,3844,6296116,68.37763269,39.81893565,61.05351299,0.8928872,1.533278376,,,,,,0
case,APR 2022,202215,18-49,all_types,31268,24112746,19165,37384106,34824,23910048,129.6741566,51.26510181,145.6458808,1.123168136,2.841033678,,,,,,1
case,APR 2022,202215,50-64,all_types,16434,17779886,6975,15098002,10066,6257434.7,92.43028892,46.19816582,160.8646431,1.740388838,3.482056923,,,,,,1
case,APR 2022,202215,65+,all_types,15340,21073320,4419,9974415,7322,2948042.6,72.79346586,44.30335012,248.3681884,3.411957179,5.606081431,,,,,,1
case,APR 2022,202215,all_ages,Janssen,2777,3642699,2422,6982816,56056,39411641.3,76.23468203,34.68514708,142.2320871,1.865713654,4.10066265,72.53847934,31.2368409,155.2930575,2.140836958,4.971471282,1
case,APR 2022,202215,all_ages,Moderna,23290,26117608,10319,22404484,56056,39411641.3,89.17355678,46.05774451,142.2320871,1.595002961,3.088125323,101.0465199,42.27855374,155.2930575,1.536847163,3.673092945,1
case,APR 2022,202215,all_ages,Pfizer,38515,35500093,20644,40235476,56056,39411641.3,108.4926735,51.3079552,142.2320871,1.310983337,2.772125426,116.0100824,52.23733499,155.2930575,1.338616905,2.972836526,1
case,APR 2022,202215,all_ages,all_types,64641,65304436,33426,69656615,56056,39411641.3,98.98408739,47.98682796,142.2320871,1.43691871,2.963981851,107.8872378,48.09699149,155.2930575,1.439401551,3.228747841,1
case,APR 2022,202216,12-17,all_types,1596,2367715,2890,7185982,4459,6280586,67.40676137,40.21718952,70.99655988,1.053255763,1.765328724,,,,,,0
case,APR 2022,202216,18-49,all_types,34729,24248894,22536,37310391,41772,23826798,143.2189031,60.401404,175.315206,1.22410661,2.902502167,,,,,,1
case,APR 2022,202216,50-64,all_types,18500,17876784,8165,15038430,12189,6231085.7,103.4861751,54.29423151,195.6159903,1.890262057,3.602887174,,,,,,1
case,APR 2022,202216,65+,all_types,18960,21211372,5493,9914126,8970,2925153.6,89.38601426,55.4057917,306.6505636,3.430632478,5.534630121,,,,,,1
case,APR 2022,202216,all_ages,Janssen,3299,3663681,2842,6970700,67390,39263623.3,90.04604932,40.77065431,171.6346948,1.906076902,4.209760615,85.55777742,39.60079417,188.200537,2.199689411,4.752443505,1
case,APR 2022,202216,all_ages,Moderna,26819,26270158,12235,22326261,67390,39263623.3,102.0892223,54.80093599,171.6346948,1.681222473,3.131966483,112.8989937,51.36444214,188.200537,1.666981527,3.664023771,1
case,APR 2022,202216,all_ages,Pfizer,43582,35726408,23955,40118214,67390,39263623.3,121.9881943,59.711033,171.6346948,1.406977911,2.874421797,128.237685,61.45633934,188.200537,1.467591504,3.062345383,1
case,APR 2022,202216,all_ages,all_types,73785,65704765,39084,69448929,67390,39263623.3,112.2977915,56.27732575,171.6346948,1.528388871,3.049801896,119.9393375,56.43773817,188.200537,1.569131036,3.33465768,1
death,SEP 2021,202138,18-49,all_types,0,307929,38,48518550,658,32698782,0,0.07832056,2.01230737,,25.69321993,,,,,,0
death,SEP 2021,202138,50-64,all_types,2,394065,134,27591274,1342,9077131,0.507530484,0.485660793,14.7844071,29.13008692,30.44183785,,,,,,0
death,SEP 2021,202138,65+,all_types,15,930594,994,26512963,2239,4655279.55,1.611873706,3.749109445,48.09593014,29.83852267,12.82862793,,,,,,1
death,SEP 2021,202138,all_ages,Janssen,0,29845,94,8757901,4239,46431192.55,0,1.07331654,9.129638433,,8.5060074,0,1.160476485,12.43931617,,10.71914539,0
death,SEP 2021,202138,all_ages,Moderna,10,720026,445,40503188,4239,46431192.55,1.388838736,1.098678948,9.129638433,6.573577042,8.309650828,0.381827333,0.656365266,12.43931617,32.57838062,18.95181968,0
death,SEP 2021,202138,all_ages,Pfizer,7,878467,624,53295659,4239,46431192.55,0.796842682,1.170827065,9.129638433,11.45726584,7.797597704,0.362742784,0.877572391,12.43931617,34.29238762,14.17468952,0
death,SEP 2021,202138,all_ages,all_types,17,1632588,1166,102622787,4239,46431192.55,1.041291495,1.136199897,9.129638433,8.767610677,8.035239625,0.376990705,0.785636163,12.43931617,32.9963471,15.83343125,0
death,SEP 2021,202139,18-49,all_types,2,383978,36,49380900,514,32091253,0.520863174,0.072902681,1.601682552,3.075054315,21.97014609,,,,,,0
death,SEP 2021,202139,50-64,all_types,3,483584,120,27788570,1060,8900255,0.62036792,0.431832225,11.90977113,19.19791587,27.57962572,,,,,,0
death,SEP 2021,202139,65+,all_types,18,1184255,836,26373941,1929,4475884.55,1.519942918,3.169795519,43.09762637,28.3547664,13.59634276,,,,,,1
death,SEP 2021,202139,all_ages,Janssen,0,33989,63,8829416,3503,45467392.55,0,0.713523975,7.704422452,,10.79770649,0,0.744976859,10.74973338,,14.42962053,0
death,SEP 2021,202139,all_ages,Moderna,8,849208,393,40845931,3503,45467392.55,0.942054243,0.962152142,7.704422452,8.178321477,8.00748875,0.710522584,0.565304418,10.74973338,15.12933384,19.01583117,0
death,SEP 2021,202139,all_ages,Pfizer,15,1163568,536,53802177,3503,45467392.55,1.289138237,0.996242215,7.704422452,5.976412949,7.733483217,0.773103493,0.76617104,10.74973338,13.90464987,14.03046162,0
death,SEP 2021,202139,all_ages,all_types,23,2051817,992,103543411,3503,45467392.55,1.120957668,0.95805227,7.704422452,6.873071723,8.041755852,0.711078093,0.672721427,10.74973338,15.11751449,15.97947225,0
death,OCT 2021,202140,18-49,all_types,1,466269,19,50152135,435,31553586,0.214468472,0.0378847,1.378607173,6.42801788,36.38952267,,,,,,0
death,OCT 2021,202140,50-64,all_types,4,579564,104,27951570,874,8741223,0.690173993,0.372072123,9.998600882,14.4870728,26.87274928,,,,,,0
death,OCT 2021,202140,65+,all_types,24,1507310,765,26156427,1725,4326576.55,1.592240481,2.924711391,39.86985969,25.04009926,13.63206633,,,,,,1
death,OCT 2021,202140,all_ages,Janssen,0,37536,65,8894093,3034,44621385.55,0,0.730822131,6.799430279,,9.303810038,0,0.788196029,9.673996461,,12.27359198,0
death,OCT 2021,202140,all_ages,Moderna,10,975425,330,41095467,3034,44621385.55,1.025194146,0.803008273,6.799430279,6.63233428,8.467447353,0.808190472,0.47879696,9.673996461,11.9699462,20.20479925,0
death,OCT 2021,202140,all_ages,Pfizer,19,1534388,491,54204801,3034,44621385.55,1.238278714,0.905823822,6.799430279,5.491033804,7.506349596,0.44206609,0.696355073,9.673996461,21.88359769,13.89233287,0
death,OCT 2021,202140,all_ages,all_types,29,2553143,888,104260132,3034,44621385.55,1.135854905,0.851715783,6.799430279,5.986178559,7.983215072,0.545169329,0.5969371,9.673996461,17.74493894,16.20605665,0
death,OCT 2021,202141,18-49,all_types,0,720461,20,50592139,368,31076173,0,0.0395318,1.184186998,,29.95527659,,,,,,0
death,OCT 2021,202141,50-64,all_types,8,830493,99,27911129,805,8596769,0.963283255,0.354697225,9.363983143,9.720903065,26.39993348,,,,,,0
death,OCT 2021,202141,65+,all_types,28,2633320,702,25148990,1573,4200646.55,1.063296523,2.791364584,37.4466164,35.21747282,13.41516498,,,,,,1
death,OCT 2021,202141,all_ages,Janssen,0,41180,81,8952229,2746,43873588.55,0,0.904802592,6.258890806,,6.917410343,0,0.966316569,9.011142713,,9.325249098,0
death,OCT 2021,202141,all_ages,Moderna,9,1083430,321,41286941,2746,43873588.55,0.830695107,0.777485549,6.258890806,7.534522295,8.050169951,0.283973902,0.464098548,9.011142713,31.73229174,19.41644239,0
death,OCT 2021,202141,all_ages,Pfizer,27,3051871,419,53348741,2746,43873588.55,0.884703187,0.785398103,6.258890806,7.074565683,7.969067889,0.421600475,0.642274973,9.011142713,21.3736541,14.03003867,0
death,OCT 2021,202141,all_ages,all_types,36,4184274,821,103652258,2746,43873588.55,0.860364307,0.792071505,6.258890806,7.274698352,7.901926487,0.375664957,0.571755913,9.011142713,23.98717937,15.76047141,0
death,OCT 2021,202142,18-49,all_types,1,1070621,20,50859698,336,30641895,0.093403735,0.0393239,1.096537926,11.73976531,27.88479389,,,,,,0
death,OCT 2021,202142,50-64,all_types,5,1185060,88,27742635,660,8455803,0.421919565,0.317201304,7.805290639,18.49947545,24.60674196,,,,,,0
death,OCT 2021,202142,65+,all_types,24,3788751,679,24102071,1387,4093411.25,0.633454138,2.817185295,33.88371984,53.49040727,12.02750842,,,,,,1
death,OCT 2021,202142,all_ages,Janssen,0,50035,71,9002375,2383,43191109.25,0,0.788680765,5.517339196,,6.995655838,0,0.872782632,8.034564113,,9.205687444,0
death,OCT 2021,202142,all_ages,Moderna,14,1207548,320,41383744,2383,43191109.25,1.159374203,0.773250482,5.517339196,4.758894223,7.135254777,0.747643275,0.467151838,8.034564113,10.74652094,17.19904208,0
death,OCT 2021,202142,all_ages,Pfizer,15,4776598,395,52255696,2383,43191109.25,0.314031032,0.755898457,5.517339196,17.56940758,7.299048096,0.135157426,0.656733435,8.034564113,59.44596879,12.23413289,0
death,OCT 2021,202142,all_ages,all_types,30,6044432,787,102704404,2383,43191109.25,0.496324551,0.76627678,5.517339196,11.11639386,7.200191027,0.251729616,0.568446215,8.034564113,31.9174368,14.13425564,0
death,OCT 2021,202143,18-49,all_types,0,1438403,21,51024755,295,30191594,0,0.0411565,0.97709316,,23.74092339,,,,,,0
death,OCT 2021,202143,50-64,all_types,5,1577973,74,27509553,609,8272776,0.316862202,0.268997464,7.361495102,23.23248102,27.36641076,,,,,,0
death,OCT 2021,202143,65+,all_types,32,4781341,694,23201371,1337,3926146.25,0.669268308,2.991202546,34.05374927,50.88205862,11.38463503,,,,,,1
death,OCT 2021,202143,all_ages,Janssen,2,78126,65,9031953,2241,42390516.25,2.559967232,0.719667164,5.286559821,2.065088863,7.345839975,2.529983367,0.790881897,7.898876361,3.122106044,9.987428447,0
death,OCT 2021,202143,all_ages,Moderna,17,1413408,349,41387335,2241,42390516.25,1.202766646,0.843253135,5.286559821,4.395332908,6.269244192,0.464044759,0.51210234,7.898876361,17.02179844,15.4244098,0
death,OCT 2021,202143,all_ages,Pfizer,18,6294345,374,51254953,2241,42390516.25,0.285970979,0.729685578,5.286559821,18.48635077,7.244983293,0.102973824,0.67002913,7.898876361,76.70761431,11.78885515,0
death,OCT 2021,202143,all_ages,all_types,37,7797717,789,101735679,2241,42390516.25,0.474497856,0.77553913,5.286559821,11.14137767,6.816625513,0.177973066,0.58948709,7.898876361,44.38242569,13.3995748,0
death,NOV 2021,202144,18-49,all_types,2,1839911,19,51094531,301,29745164,0.10870091,0.037186,1.0119292,9.309298328,27.21265677,,,,,,0
death,NOV 2021,202144,50-64,all_types,4,2019943,100,27209733,667,8093167,0.19802539,0.36751555,8.241520285,41.61850302,22.42495665,,,,,,0
death,NOV 2021,202144,65+,all_types,43,5748091,719,22319812,1354,3788570.25,0.748074448,3.221353298,35.73907598,47.77475836,11.09442916,,,,,,1
death,NOV 2021,202144,all_ages,Janssen,1,126599,80,9044002,2322,41626901.25,0.789895655,0.884564156,5.578123594,7.061848689,6.306070117,0.719887877,0.933531871,8.385498174,11.6483392,8.982551575,0
death,NOV 2021,202144,all_ages,Moderna,9,1785048,396,41207813,2322,41626901.25,0.504188123,0.960982812,5.578123594,11.06357596,5.804602877,0.348052216,0.574601142,8.385498174,24.09264412,14.59359816,0
death,NOV 2021,202144,all_ages,Pfizer,38,7682929,359,50312017,2322,41626901.25,0.494603035,0.713547223,5.578123594,11.27798093,7.817455406,0.21499985,0.682767459,8.385498174,39.00234436,12.28163127,0
death,NOV 2021,202144,all_ages,all_types,49,9607945,838,100624076,2322,41626901.25,0.509994593,0.832802678,5.578123594,10.9376132,6.698013514,0.235612616,0.646086486,8.385498174,35.59019169,12.97890972,0
death,NOV 2021,202145,18-49,all_types,2,2519006,21,50840518,307,29326326,0.079396397,0.0413056,1.046840985,13.18499361,25.34377998,,,,,,0
death,NOV 2021,202145,50-64,all_types,5,2822071,108,26546602,664,7924702,0.177174848,0.406831729,8.378863962,47.291498,20.59540434,,,,,,0
death,NOV 2021,202145,65+,all_types,40,7680473,772,20509797,1477,3675320.6,0.520801258,3.764054808,40.18697036,77.16373519,10.67651042,,,,,,1
death,NOV 2021,202145,all_ages,Janssen,1,362704,77,8876234,2448,40926348.6,0.275706913,0.867485017,5.981476686,21.6950552,6.895193082,0.14598957,0.974629857,9.192494276,62.9667879,9.431779879,0
death,NOV 2021,202145,all_ages,Moderna,12,3617757,459,39601821,2448,40926348.6,0.331697237,1.159037611,5.981476686,18.03294096,5.160726994,0.085283506,0.733749893,9.192494276,107.7874806,12.52810306,0
death,NOV 2021,202145,all_ages,Pfizer,34,9024524,363,49361387,2448,40926348.6,0.376751173,0.735392626,5.981476686,15.87646468,8.13371861,0.20050735,0.72809436,9.192494276,45.84617102,12.62541613,0
death,NOV 2021,202145,all_ages,all_types,47,13021550,901,97896917,2448,40926348.6,0.360940134,0.920355847,5.981476686,16.57193569,6.499091306,0.174308418,0.749020367,9.192494276,52.73694958,12.27268934,0
death,NOV 2021,202146,18-49,all_types,2,3388897,31,50371951,349,28873260,0.0590163,0.0615422,1.208730846,20.4813217,19.64068741,,,,,,0
death,NOV 2021,202146,50-64,all_types,12,3774738,118,25729588,775,7733101,0.317902858,0.458615972,10.02185281,31.52489053,21.85238507,,,,,,0
death,NOV 2021,202146,65+,all_types,65,9556086,800,18749149,1712,3567843.6,0.680194799,4.266860325,47.98416612,70.54474125,11.2457785,,,,,,1
death,NOV 2021,202146,all_ages,Janssen,0,633123,114,8686355,2836,40174204.6,0,1.312403189,7.059256128,,5.378877611,0,1.51742696,10.9536696,,7.218581117,0
death,NOV 2021,202146,all_ages,Moderna,22,5730235,436,37711829,2836,40174204.6,0.383928408,1.156135917,7.059256128,18.38690752,6.105905045,0.232760217,0.774351635,10.9536696,47.0598874,14.14560144,0
death,NOV 2021,202146,all_ages,Pfizer,57,10336220,397,48398354,2836,40174204.6,0.551458851,0.82027583,7.059256128,12.80105691,8.605954082,0.233495261,0.84545592,10.9536696,46.9117426,12.95593223,0
death,NOV 2021,202146,all_ages,all_types,79,16719721,949,94850688,2836,40174204.6,0.472495923,1.000519891,7.059256128,14.94035354,7.055587992,0.217087909,0.857796741,10.9536696,50.45729922,12.76953977,0
death,NOV 2021,202147,18-49,all_types,4,4365522,23,49750671,344,28432320,0.091627072,0.0462305,1.209890716,13.20451135,26.1708152,,,,,,0
death,NOV 2021,202147,50-64,all_types,16,4708772,138,24914030,754,7539931,0.339791351,0.553904768,10.00009151,29.43009432,18.05381014,,,,,,0
death,NOV 2021,202147,65+,all_types,78,11043297,804,17353932,1632,3502192.75,0.706310806,4.632955805,46.59937692,65.97573838,10.05823903,,,,,,1
death,NOV 2021,202147,all_ages,Janssen,2,872658,103,8522005,2730,39474443.75,0.229184858,1.208635761,6.915866927,30.17593301,5.722043935,0.267316069,1.425325389,10.71421591,40.08070275,7.517031547,0
death,NOV 2021,202147,all_ages,Moderna,42,7610669,429,36020383,2730,39474443.75,0.551856874,1.190992333,6.915866927,12.53199382,5.806810618,0.36761433,0.835002855,10.71421591,29.14526189,12.83135243,0
death,NOV 2021,202147,all_ages,Pfizer,53,11611438,431,47424575,2730,39474443.75,0.45644648,0.908811518,6.915866927,15.15153963,7.609792338,0.17430491,0.961454198,10.71421591,61.46823917,11.14376112,0
death,NOV 2021,202147,all_ages,all_types,98,20117591,965,92018633,2730,39474443.75,0.48713586,1.048700647,6.915866927,14.19699819,6.594700732,0.246426555,0.929771952,10.71421591,43.4783334,11.52348798,0
death,DEC 2021,202148,18-49,all_types,1,5570656,30,48885768,382,27976551,0.0179512,0.0613676,1.365429212,76.06336435,22.25001857,,,,,,0
death,DEC 2021,202148,50-64,all_types,11,5836930,139,23905846,951,7340349.3,0.188455232,0.581447735,12.95578672,68.74729109,22.28194548,,,,,,1
death,DEC 2021,202148,65+,all_types,111,12438252,864,16046834,2117,3423238.75,0.892408354,5.384239657,61.84202022,69.29789475,11.48574806,,,,,,1
death,DEC 2021,202148,all_ages,Janssen,4,1115639,123,8350045,3450,38740139.05,0.358538918,1.473045954,8.905492042,24.83828559,6.045630837,0.291074865,1.730687535,14.00434151,48.11250715,8.091779263,0
death,DEC 2021,202148,all_ages,Moderna,44,9542632,439,34269522,3450,38740139.05,0.461088723,1.281021661,8.905492042,19.31405303,6.951866867,0.152530424,0.938886097,14.00434151,91.81343097,14.91591105,0
death,DEC 2021,202148,all_ages,Pfizer,75,13162173,471,46169399,3450,38740139.05,0.569814726,1.020156229,8.905492042,15.62875025,8.729537481,0.239436441,1.102367931,14.00434151,58.48876405,12.70387238,0
death,DEC 2021,202148,all_ages,all_types,123,23845838,1033,88838448,3450,38740139.05,0.515813284,1.162784834,8.905492042,17.26495289,7.658761778,0.201291445,1.072757605,14.00434151,69.5724625,13.0545255,0
death,DEC 2021,202149,18-49,all_types,3,6980186,21,47776809,386,27453967,0.0429788,0.0439544,1.405989888,32.71356979,31.98748112,,,,,,0
death,DEC 2021,202149,50-64,all_types,18,7058176,134,22793156,995,7126599.3,0.255023394,0.58789577,13.96177838,54.74704947,23.74873079,,,,,,1
death,DEC 2021,202149,65+,all_types,115,13488636,819,15063174,2203,3355692.75,0.852569526,5.437101105,65.64963375,77.0020881,12.07438164,,,,,,1
death,DEC 2021,202149,all_ages,Janssen,7,1340632,127,8186471,3584,37936259.05,0.522141796,1.55134001,9.447425998,18.0936023,6.089848737,0.43623605,1.871314046,14.88136392,34.11309986,7.952360512,0
death,DEC 2021,202149,all_ages,Moderna,49,11298947,416,32665317,3584,37936259.05,0.43366873,1.273522005,9.447425998,21.78489095,7.418345314,0.190739603,0.965238928,14.88136392,78.01926654,15.41728529,0
death,DEC 2021,202149,all_ages,Pfizer,79,14859473,429,44734362,3584,37936259.05,0.531647387,0.958994341,9.447425998,17.77009766,9.851388684,0.232386228,1.061071346,14.88136392,64.03720239,14.02484761,0
death,DEC 2021,202149,all_ages,all_types,136,27526998,974,85633139,3584,37936259.05,0.494060413,1.137410133,9.447425998,19.12200563,8.306085664,0.223667137,1.07213081,14.88136392,66.53352895,13.88017561,0
death,DEC 2021,202150,18-49,all_types,3,8440746,31,46610070,365,26961781,0.0355419,0.066509233,1.353768136,38.08937659,20.35458954,,,,,,0
death,DEC 2021,202150,50-64,all_types,22,8290724,129,21669256,887,6952246.55,0.265356801,0.595313471,12.75846582,48.08041764,21.43150869,,,,,,1
death,DEC 2021,202150,65+,all_types,156,14442460,663,14174592,1953,3297489.75,1.080148396,4.677383307,59.22687099,54.83216123,12.66239414,,,,,,1
death,DEC 2021,202150,all_ages,Janssen,6,1552660,94,8033031,3205,37211517.3,0.386433604,1.17016852,8.612924795,22.28823969,7.360414029,0.324530518,1.420345597,13.5118797,41.63515895,9.513092962,0
death,DEC 2021,202150,all_ages,Moderna,60,13020367,346,31096233,3205,37211517.3,0.460816504,1.112674966,8.612924795,18.69057363,7.740737463,0.164010766,0.863404848,13.5118797,82.38410206,15.64952957,0
death,DEC 2021,202150,all_ages,Pfizer,115,16570797,382,43279725,3205,37211517.3,0.693991967,0.882630377,8.612924795,12.41069812,9.758246507,0.326272634,0.979202551,13.5118797,41.41285015,13.79886081,0
death,DEC 2021,202150,all_ages,all_types,181,31173930,823,82453918,3205,37211517.3,0.580613352,0.998133285,8.612924795,14.83418313,8.629032743,0.25983614,0.958431479,13.5118797,52.00154115,14.09790893,0
death,DEC 2021,202151,18-49,all_types,4,10319587,40,45059644,356,26421648,0.0387612,0.08877123,1.347379997,34.76101275,15.17811575,,,,,,0
death,DEC 2021,202151,50-64,all_types,30,9755005,172,20326804,873,6778925.55,0.30753444,0.846173358,12.87814704,41.87546292,15.21927737,,,,,,1
death,DEC 2021,202151,65+,all_types,218,15483274,833,13204724,2143,3243267.3,1.40797095,6.308348437,66.07534322,46.92947907,10.47426975,,,,,,1
death,DEC 2021,202151,all_ages,Janssen,8,1814179,155,7836898,3372,36443840.85,0.440970819,1.977823368,9.252592266,20.98232323,4.67816915,0.364378894,2.439969854,14.6981249,40.33747601,6.023896106,0
death,DEC 2021,202151,all_ages,Moderna,99,15005109,411,29281105,3372,36443840.85,0.659775281,1.403635553,9.252592266,14.02385409,6.591876537,0.267084097,1.119331966,14.6981249,55.03182356,13.131158,0
death,DEC 2021,202151,all_ages,Pfizer,145,18705779,478,41430876,3372,36443840.85,0.775161516,1.153728924,9.252592266,11.93634111,8.019728093,0.383900941,1.293055168,14.6981249,38.28624349,11.36697433,0
death,DEC 2021,202151,all_ages,all_types,252,35557866,1045,78591172,3372,36443840.85,0.708703948,1.329665882,9.252592266,13.05565222,6.958584404,0.326196045,1.300789383,14.6981249,45.05917568,11.29938873,0
death,DEC 2021,202152,12-17,all_types,0,143599,0,8159908,2,6675220,0,0,0.0299616,,,,,,,,0
death,DEC 2021,202152,18-49,all_types,10,12110031,103,43562365,499,25966081,0.082576172,0.236442627,1.921737824,23.27230462,8.127713061,,,,,,0
death,DEC 2021,202152,50-64,all_types,83,10993870,394,19192355,1122,6645680.55,0.754966177,2.052900751,16.88314675,22.36278561,8.224044315,,,,,,1
death,DEC 2021,202152,65+,all_types,601,16298339,1913,12446175,3311,3203293.3,3.687492327,15.37018401,103.362374,28.03053263,6.724862492,,,,,,1
death,DEC 2021,202152,all_ages,Janssen,24,2049268,316,7664174,4934,42402533.85,1.171149894,4.123079669,11.63609707,9.93561724,2.822185843,0.910549522,4.743756221,19.91312118,21.86934449,4.1977539,0
death,DEC 2021,202152,all_ages,Moderna,257,16663052,897,27796195,4934,42402533.85,1.542334502,3.227060394,11.63609707,7.544470451,3.605788442,0.608897159,2.337714453,19.91312118,32.70358694,8.518200823,0
death,DEC 2021,202152,all_ages,Pfizer,412,20798571,1192,47857900,4934,42490274.85,1.980905323,2.490706863,11.61206892,5.862000968,4.662157996,0.874788672,3.032568647,19.91307975,22.76330317,6.566406918,0
death,DEC 2021,202152,all_ages,all_types,694,39545839,2410,83360803,4934,42490274.85,1.754925468,2.891047007,11.61206892,6.616844495,4.016561783,0.745820581,2.850041267,19.91307975,26.69955785,6.986944356,0
death,JAN 2022,202201,12-17,all_types,0,299341,1,8062670,6,6577667,0,0.0124028,0.091217752,,7.35458636,,,,,,0
death,JAN 2022,202201,18-49,all_types,21,13969276,137,41966454,569,25502620,0.15032991,0.326451217,2.23114331,14.84164604,6.834538181,,,,,,0
death,JAN 2022,202201,50-64,all_types,147,12138281,539,18140023,1387,6517017.55,1.211044628,2.971330301,21.28274152,17.57387055,7.162697972,,,,,,1
death,JAN 2022,202201,65+,all_types,1053,17010934,2800,11783807,4744,3162459.3,6.190136297,23.76142108,150.0098357,24.23368865,6.313167686,,,,,,1
death,JAN 2022,202201,all_ages,Janssen,66,2299805,437,7452901,6706,41676526.85,2.869808527,5.863488593,16.09059225,5.606852199,2.744201169,1.999149731,6.841018818,28.00813922,14.01002576,4.094147373,0
death,JAN 2022,202201,all_ages,Moderna,457,18217844,1333,26384557,6706,41676526.85,2.508529549,5.052197769,16.09059225,6.414352287,3.184869831,1.034294636,3.693981232,28.00813922,27.07945902,7.582101115,0
death,JAN 2022,202201,all_ages,Pfizer,696,22863101,1699,46075046,6706,41759763.85,3.044206471,3.687462406,16.05851993,5.275108664,4.35489726,1.42202295,4.573914829,28.00801784,19.6958972,6.123423563,0
death,JAN 2022,202201,all_ages,all_types,1221,43417832,3477,79952954,6706,41759763.85,2.812208587,4.348807425,16.05851993,5.710287637,3.692626129,1.248390207,4.348671496,28.00801784,22.43530723,6.440591768,0
death,JAN 2022,202202,12-17,all_types,0,451656,4,7966459,6,6471191,0,0.0502105,0.092718636,,1.846598022,,,,,,0
death,JAN 2022,202202,18-49,all_types,22,15392355,109,40779998,482,25040978.55,0.142928096,0.267287899,1.924844906,13.46722551,7.201391873,,,,,,1
death,JAN 2022,202202,50-64,all_types,126,12943434,471,17412616,1312,6398532.95,0.973466547,2.704935318,20.50470022,21.06359,7.580477095,,,,,,1
death,JAN 2022,202202,65+,all_types,1177,17458111,2756,11374181,4874,3127571.3,6.741851968,24.23031601,155.8397725,23.11527653,6.431602975,,,,,,1
death,JAN 2022,202202,all_ages,Janssen,75,2486235,368,7297445,6674,40959655.8,3.016609452,5.042860892,16.29408224,5.401455673,3.231118721,2.248968021,5.961304919,28.58470816,12.71014434,4.795042118,0
death,JAN 2022,202202,all_ages,Moderna,488,19325546,1422,25392469,6674,40959655.8,2.525155046,5.6000856,16.29408224,6.452705652,2.909613067,1.012729232,4.095505971,28.58470816,28.22542023,6.979530335,0
death,JAN 2022,202202,all_ages,Pfizer,762,24395423,1547,44804117,6674,41038273.8,3.123536739,3.452807696,16.26286728,5.206555464,4.710041423,1.489551677,4.319752885,28.58458977,19.1900625,6.617181707,0
death,JAN 2022,202202,all_ages,all_types,1325,46245556,3340,77533254,6674,41038273.8,2.865140166,4.307828999,16.26286728,5.676115768,3.77518868,1.285396535,4.342630836,28.58458977,22.23795458,6.582320914,0
death,JAN 2022,202203,12-17,all_types,0,652929,3,7836362,3,6368234,0,0.0382831,0.0471088,,1.230539267,,,,,,0
death,JAN 2022,202203,18-49,all_types,30,16795410,109,39632440,365,24682729.55,0.17862023,0.275027225,1.47876676,8.278831342,5.376801365,,,,,,1
death,JAN 2022,202203,50-64,all_types,139,13694901,410,16740767,1133,6321897.95,1.014976304,2.449111203,17.92183311,17.65739066,7.317688593,,,,,,1
death,JAN 2022,202203,65+,all_types,1103,17880025,2388,10990836,4473,3100337.3,6.168895178,21.72719164,144.2746246,23.38743331,6.640279471,,,,,,1
death,JAN 2022,202203,all_ages,Janssen,68,2666276,316,7151217,5974,40398620.8,2.55037363,4.418828292,14.78763354,5.798222413,3.346505582,1.937657964,5.273226748,26.09659971,13.4681147,4.948886318,1
death,JAN 2022,202203,all_ages,Moderna,532,20387088,1220,24463053,5974,40398620.8,2.609494794,4.987112606,14.78763354,5.666856886,2.96516937,1.0993914,3.665950136,26.09659971,23.73731476,7.118645574,1
death,JAN 2022,202203,all_ages,Pfizer,671,25930369,1369,43548030,5974,40473198.8,2.587699388,3.143655408,14.76038509,5.704057107,4.695293591,1.31849451,3.938186546,26.09654175,19.79268139,6.626537733,1
death,JAN 2022,202203,all_ages,all_types,1272,49023265,2910,75200405,5974,40473198.8,2.594686421,3.86966001,14.76038509,5.688697088,3.814388098,1.225562606,3.917474568,26.09654175,21.29351991,6.661572729,1
death,JAN 2022,202204,12-17,all_types,0,1027808,3,7542823,10,6288011,0,0.0397729,0.159032801,,3.998520889,,,,,,0
death,JAN 2022,202204,18-49,all_types,21,18166198,82,38522471,306,24370992.55,0.115599313,0.212862773,1.255591045,10.86157882,5.898593855,,,,,,1
death,JAN 2022,202204,50-64,all_types,114,14400269,335,16115109,976,6246231.95,0.791651878,2.078794503,15.62542038,19.73774182,7.516577689,,,,,,1
death,JAN 2022,202204,65+,all_types,949,18288120,1737,10620782,3633,3074950.3,5.189161051,16.35472793,118.148251,22.76827601,7.224103731,,,,,,1
death,JAN 2022,202204,all_ages,Janssen,54,2842409,207,7012145,4925,39908796.8,1.899796968,2.952021101,12.34063764,6.495766573,4.180402924,1.415749092,3.534595783,21.5803966,15.24309407,6.105477946,1
death,JAN 2022,202204,all_ages,Moderna,417,21392999,959,23584567,4925,39908796.8,1.949235822,4.066218388,12.34063764,6.331013159,3.034917573,0.803887735,2.984423882,21.5803966,26.84503777,7.231009218,1
death,JAN 2022,202204,all_ages,Pfizer,612,27606246,990,42167548,4925,39980185.8,2.216889613,2.347777016,12.31860208,5.556705219,5.246921662,1.155493674,2.925985115,21.58020699,18.67617926,7.375364583,1
death,JAN 2022,202204,all_ages,all_types,1084,51882395,2157,72801185,4925,39980185.8,2.08934071,2.96286386,12.31860208,5.895927851,4.157667265,1.000178799,2.995826273,21.58020699,21.57634916,7.203424039,1
death,FEB 2022,202205,12-17,all_types,0,1349131,2,7296679,2,6230598,0,0.0274097,0.0320996,,1.171104122,,,,,,0
death,FEB 2022,202205,18-49,all_types,9,19188976,56,37723856,191,24134595.55,0.0469019,0.148447179,0.791395073,16.87340117,5.331156029,,,,,,1
death,FEB 2022,202205,50-64,all_types,59,14906639,229,15674837,638,6196086.6,0.395796799,1.460940232,10.29682187,26.01542482,7.048078795,,,,,,1
death,FEB 2022,202205,65+,all_types,667,18577246,1156,10362256,2624,3058217.3,3.590413778,11.15587185,85.80162044,23.89741844,7.691162251,,,,,,1
death,FEB 2022,202205,all_ages,Janssen,29,2972125,154,6909047,3455,39550440.45,0.975732851,2.228961534,8.735680212,8.952942603,3.919170465,0.765585074,2.721635068,15.4053701,20.12234908,5.660336422,1
death,FEB 2022,202205,all_ages,Moderna,333,22112490,623,22973631,3455,39550440.45,1.505936238,2.711804677,8.735680212,5.80083007,3.221353029,0.617828248,2.001287508,15.4053701,24.9347131,7.697729606,1
death,FEB 2022,202205,all_ages,Pfizer,372,28895791,662,41138837,3455,39619497.45,1.287384727,1.609185014,8.720453873,6.773774531,5.419174176,0.673720899,1.989376796,15.40533275,22.86604552,7.743798348,1
death,FEB 2022,202205,all_ages,all_types,735,54021992,1443,71057628,3455,39619497.45,1.360557012,2.030746087,8.720453873,6.409473325,4.294211832,0.645908018,2.053144643,15.40533275,23.85066034,7.503286631,1
death,FEB 2022,202206,12-17,all_types,0,1560345,1,7163888,6,6170865,0,0.0139589,0.097231101,,6.965527199,,,,,,0
death,FEB 2022,202206,18-49,all_types,8,19983713,43,37153260,129,23923391.55,0.0400326,0.115736816,0.539221204,13.46955224,4.659029209,,,,,,1
death,FEB 2022,202206,50-64,all_types,47,15294144,131,15348813,461,6155854.6,0.307307163,0.853486195,7.48880586,24.36912238,8.774372575,,,,,,1
death,FEB 2022,202206,65+,all_types,507,18804714,707,10162413,1882,3040910.3,2.69613247,6.957009128,61.88936254,22.9548671,8.895972594,,,,,,1
death,FEB 2022,202206,all_ages,Janssen,20,3070848,92,6832825,2478,39224058.45,0.651285899,1.346441626,6.317551263,9.70011983,4.692035023,0.504516402,1.705844972,11.1131585,22.02734827,6.51475291,1
death,FEB 2022,202206,all_ages,Moderna,242,22654927,377,22530924,2478,39224058.45,1.068200308,1.673255833,6.317551263,5.914200937,3.775603909,0.447887428,1.23952169,11.1131585,24.81239213,8.965682961,1
death,FEB 2022,202206,all_ages,Pfizer,299,29874995,412,40429045,2478,39291021.45,1.000836988,1.019069335,6.306784371,6.301510085,6.188768668,0.535269395,1.26616015,11.11304775,20.76159752,8.776968499,1
death,FEB 2022,202206,all_ages,all_types,562,55642916,882,69828374,2478,39291021.45,1.010011769,1.263096861,6.306784371,6.244268203,4.99311222,0.489563466,1.282657054,11.11304775,22.69991232,8.66408345,1
death,FEB 2022,202207,12-17,all_types,0,1700030,0,7097213,2,6131041,0,0,0.0326209,,,,,,,,0
death,FEB 2022,202207,18-49,all_types,8,20551730,21,36806954,87,23758202.55,0.0389262,0.0570544,0.366189318,9.407280003,6.418244476,,,,,,1
death,FEB 2022,202207,50-64,all_types,34,15569001,81,15130800,327,6128256.6,0.21838267,0.535331906,5.335938446,24.43389147,9.967533017,,,,,,1
death,FEB 2022,202207,65+,all_types,323,18967136,452,10023934,1115,3029049.3,1.702945558,4.509207662,36.81022953,21.61562321,8.163347597,,,,,,1
death,FEB 2022,202207,all_ages,Janssen,16,3145250,49,6776832,1531,38981488.45,0.508703601,0.723051715,3.927505236,7.720616152,5.431845544,0.423052386,0.908311996,6.792416782,16.05573448,7.478065696,1
death,FEB 2022,202207,all_ages,Moderna,167,23032817,269,22250343,1531,38981488.45,0.725052433,1.208970127,3.927505236,5.416856849,3.248637124,0.306734955,0.898860053,6.792416782,22.14425408,7.556701131,1
death,FEB 2022,202207,all_ages,Pfizer,181,30567272,235,39996531,1531,39046549.45,0.592136583,0.587550955,3.920961062,6.621717309,6.673397475,0.328996556,0.741285603,6.792380456,20.64574945,9.16297366,1
death,FEB 2022,202207,all_ages,all_types,365,56787897,554,69058901,1531,39046549.45,0.64274259,0.802213751,3.920961062,6.100359806,4.887676206,0.321289945,0.817082176,6.792380456,21.14096801,8.312971029,1
death,FEB 2022,202208,12-17,all_types,0,1805997,0,7059015,0,6089997,0,0,0,,,,,,,,0
death,FEB 2022,202208,18-49,all_types,3,20985921,9,36574618,67,23636697.55,0.0142953,0.0246072,0.283457534,19.82872472,11.51927892,,,,,,1
death,FEB 2022,202208,50-64,all_types,25,15784871,62,14967348,212,6108325.6,0.158379501,0.41423504,3.47067288,21.91364948,8.378511094,,,,,,1
death,FEB 2022,202208,65+,all_types,248,19097294,284,9917224,770,3020700.3,1.298613301,2.863704601,25.49077775,19.62922891,8.901329327,,,,,,1
death,FEB 2022,202208,all_ages,Janssen,10,3203512,35,6734955,1049,38793236.45,0.312157407,0.51967682,2.704079618,8.662551505,5.203387012,0.258889847,0.63942132,4.677492897,18.06750227,7.315196965,1
death,FEB 2022,202208,all_ages,Moderna,126,23324989,161,22062101,1049,38793236.45,0.540193181,0.72975824,2.704079618,5.005764075,3.705445816,0.238433847,0.539619049,4.677492897,19.61757091,8.668138953,1
death,FEB 2022,202208,all_ages,Pfizer,140,31102723,159,39686237,1049,38855720.45,0.450121361,0.400642671,2.699731179,5.997785075,6.738501347,0.240443088,0.497440256,4.677492897,19.45363846,9.403124973,1
death,FEB 2022,202208,all_ages,all_types,276,57674083,355,68518205,1049,38855720.45,0.478551172,0.518110479,2.699731179,5.64146812,5.210724913,0.234873192,0.525816656,4.677492897,19.91497136,8.895672754,1
death,MAR 2022,202209,12-17,all_types,0,1889572,0,7028767,0,6059414,0,0,0,,,,,,,,0
death,MAR 2022,202209,18-49,all_types,3,21344024,10,36393509,46,23506579.55,0.0140555,0.0274774,0.195689891,13.92269913,7.121841825,,,,,,1
death,MAR 2022,202209,50-64,all_types,17,15957744,39,14836100,136,6086437.6,0.106531349,0.262872318,2.234476207,20.97482311,8.500233961,,,,,,1
death,MAR 2022,202209,65+,all_types,187,19199985,223,9833404,523,3010966.3,0.973959094,2.267780313,17.36983905,17.83425931,7.659401109,,,,,,1
death,MAR 2022,202209,all_ages,Janssen,8,3251363,22,6704292,705,38602787.45,0.246050656,0.328147998,1.826292987,7.422426807,5.56545521,0.184867709,0.402374241,3.165120407,17.12100197,7.866110917,1
death,MAR 2022,202209,all_ages,Moderna,95,23560323,121,21908405,705,38602787.45,0.403220278,0.552299449,1.826292987,4.529268702,3.306707968,0.176099239,0.407741724,3.165120407,17.97350417,7.762561992,1
death,MAR 2022,202209,all_ages,Pfizer,104,31536544,129,39444382,705,38663397.45,0.329776148,0.327042771,1.823430031,5.529296288,5.575509355,0.178993555,0.412497298,3.165120407,17.68287357,7.673069432,1
death,MAR 2022,202209,all_ages,all_types,207,58391325,272,68091780,705,38663397.45,0.354504715,0.399460845,1.823430031,5.143598818,4.564727812,0.17581161,0.409093211,3.165120407,18.00290894,7.736917455,1
death,MAR 2022,202210,12-17,all_types,0,1973665,0,6989898,1,6034929,0,0,0.0165702,,,,,,,,0
death,MAR 2022,202210,18-49,all_types,2,21674800,5,36209113,48,23402889.55,0.0092273,0.0138087,0.205102878,22.2278193,14.85318657,,,,,,1
death,MAR 2022,202210,50-64,all_types,14,16105715,31,14722273,86,6068995.6,0.086925666,0.210565311,1.417038431,16.30172651,6.729686008,,,,,,1
death,MAR 2022,202210,65+,all_types,130,19281925,129,9766943,342,3003813.3,0.674206543,1.320781743,11.38552786,16.88729955,8.620294697,,,,,,1
death,MAR 2022,202210,all_ages,Janssen,7,3292023,9,6677306,477,38451008.45,0.212635209,0.134784897,1.240539635,5.834121446,9.2038475,0.179277837,0.164645006,2.111000881,11.77502428,12.82152999,1
death,MAR 2022,202210,all_ages,Moderna,72,23763845,79,21767929,477,38451008.45,0.302981273,0.362919229,1.240539635,4.094443279,3.418225152,0.127749219,0.267694798,2.111000881,16.52456972,7.885849484,1
death,MAR 2022,202210,all_ages,Pfizer,67,31936935,77,39208483,477,38510627.45,0.209788447,0.196386073,1.238619133,5.904134142,6.307061979,0.115013312,0.241243312,2.110983716,18.35425554,8.750434133,1
death,MAR 2022,202210,all_ages,all_types,146,59036105,165,67688227,477,38510627.45,0.247306288,0.243764695,1.238619133,5.008441727,5.081208065,0.123806602,0.247430976,2.110983716,17.05065544,8.531606477,1
death,MAR 2022,202211,12-17,all_types,0,2035589,0,6964292,0,6010894,0,0,0,,,,,,,,0
death,MAR 2022,202211,18-49,all_types,0,21961316,8,36047330,26,23306598.55,0,0.022193,0.11155639,,5.02663751,,,,,,1
death,MAR 2022,202211,50-64,all_types,5,16225146,20,14631152,67,6052404.6,0.0308164,0.136694636,1.106998035,35.92240948,8.098328258,,,,,,1
death,MAR 2022,202211,65+,all_types,84,19351993,106,9710363,235,2995966.3,0.43406382,1.091617275,7.843879953,18.0707988,7.185558648,,,,,,1
death,MAR 2022,202211,all_ages,Janssen,6,3325633,10,6655586,328,38306997.45,0.180416781,0.15024973,0.856240431,4.745902388,5.698781824,0.141278962,0.186192071,1.46008497,10.33476566,7.841821429,1
death,MAR 2022,202211,all_ages,Moderna,40,23936073,74,21648776,328,38306997.45,0.16711179,0.341820711,0.856240431,5.123758364,2.504940174,0.066705481,0.255471548,1.46008497,21.88853064,5.715254714,1
death,MAR 2022,202211,all_ages,Pfizer,43,32268836,49,39014445,328,38365863.45,0.133255504,0.125594507,0.854926673,6.415695025,6.807038708,0.071929444,0.15423999,1.46008497,20.2988498,9.466319148,1
death,MAR 2022,202211,all_ages,all_types,89,59574044,134,67353137,328,38365863.45,0.149393921,0.198951387,0.854926673,5.722633622,4.297163682,0.071813425,0.203804064,1.46008497,20.33164367,7.164160246,1
death,MAR 2022,202212,12-17,all_types,0,2083781,0,6944556,0,5982590,0,0,0,,,,,,,,0
death,MAR 2022,202212,18-49,all_types,0,22157685,3,35951880,20,23217557.55,0,0.0083445,0.086141705,,10.32318751,,,,,,1
death,MAR 2022,202212,50-64,all_types,12,16312651,11,14566205,46,6036604.6,0.073562537,0.075517268,0.762017774,10.358775,10.09064283,,,,,,1
death,MAR 2022,202212,65+,all_types,66,19407250,66,9666014,171,2989147.3,0.340079094,0.682804722,5.720694996,16.8216603,8.378229987,,,,,,1
death,MAR 2022,202212,all_ages,Janssen,7,3350082,9,6640988,237,38167688.45,0.208950109,0.135522004,0.620944075,2.97173367,4.581869056,0.165469389,0.187474835,1.059349315,6.402086332,5.650621388,1
death,MAR 2022,202212,all_ages,Moderna,35,24060320,42,21567643,237,38167688.45,0.145467724,0.194736161,0.620944075,4.268603756,3.188642889,0.0618133,0.14756997,1.059349315,17.13789854,7.178623889,1
death,MAR 2022,202212,all_ages,Pfizer,36,32507322,29,38885824,237,38225899.45,0.110744281,0.074577306,0.619998492,5.598469613,8.313500767,0.0621835,0.09254057,1.059349315,17.0358549,11.4474043,1
death,MAR 2022,202212,all_ages,all_types,78,59961367,80,67128655,237,38225899.45,0.130083759,0.119174144,0.619998492,4.766148346,5.202458106,0.065211986,0.12255637,1.059349315,16.24470261,8.643771963,1
death,MAR 2022,202213,12-17,all_types,0,2130438,0,6923058,1,5968995,0,0,0.0167532,,,,,,,,0
death,MAR 2022,202213,18-49,all_types,1,22333565,6,35865259,12,23142564.55,0.00447757,0.0167293,0.0518525,11.58051345,3.099506014,,,,,,1
death,MAR 2022,202213,50-64,all_types,4,16393513,9,14505637,31,6019649.6,0.0243999,0.0620448,0.514980141,21.10583409,8.300127765,,,,,,1
death,MAR 2022,202213,65+,all_types,67,19460427,51,9624526,123,2973960.3,0.344288437,0.529896226,4.135899191,12.01289019,7.805111628,,,,,,1
death,MAR 2022,202213,all_ages,Janssen,2,3371764,3,6628168,167,38047535.45,0.0593161,0.0452614,0.438924619,7.399751145,9.697553713,0.0497945,0.0482554,0.755264282,15.16763274,15.65138417,1
death,MAR 2022,202213,all_ages,Moderna,37,24173408,28,21494049,167,38047535.45,0.153060752,0.130268615,0.438924619,2.867649701,3.369381167,0.061523,0.098637732,0.755264282,12.27612238,7.65695103,1
death,MAR 2022,202213,all_ages,Pfizer,33,32729003,35,38762173,167,38105169.45,0.100828003,0.090294215,0.438260746,4.346617357,4.853696819,0.0578607,0.114140481,0.755247323,13.05285288,6.616822703,1
death,MAR 2022,202213,all_ages,all_types,72,60317943,66,66918480,167,38105169.45,0.119367466,0.098627464,0.438260746,3.671525932,4.443597422,0.0594716,0.101501387,0.755247323,12.69930029,7.440758664,1
